STATE,COUNTY,FIPS,STATE_FIPS,SQUARE_MIL,fips_withSW,Future_length,Future_intensity,Future_SWnum6y,Future_SWnum1y,Future_SWdaynum,Future_seasonlength,Future_index2,PD_length,PD_intensity,PD_SWnum6y,PD_SWnum1y,PD_SWdaynum,PD_seasonlengh,PD_index2,Y2050A1,Y2050A2,Y2050B1,Y2050B2,Y2050BC,Y2005
AZ,Apache County,04001,04,11218.496,,0.00,0.00,0.00,0.00,0.00,0.00,0,0.00,0.00,0.00,0.00,0.00,0.00,0,74369,92329,88284,98195,90890,69600
AZ,Cochise County,04003,04,6218.163,,0.00,0.00,0.00,0.00,0.00,0.00,0,0.00,0.00,0.00,0.00,0.00,0.00,0,152277,182179,147986,161634,163728,126153
AZ,Coconino County,04005,04,18660.900,,0.00,0.00,0.00,0.00,0.00,0.00,0,0.00,0.00,0.00,0.00,0.00,0.00,0,160919,192392,160666,175865,175962,123826
AZ,Gila County,04007,04,4796.312,,0.00,0.00,0.00,0.00,0.00,0.00,0,0.00,0.00,0.00,0.00,0.00,0.00,0,37236,44908,46647,51301,46232,51528
AZ,Graham County,04009,04,4651.570,,0.00,0.00,0.00,0.00,0.00,0.00,0,0.00,0.00,0.00,0.00,0.00,0.00,0,38529,46525,40407,44532,43527,33089
AZ,Greenlee County,04011,04,1837.476,,0.00,0.00,0.00,0.00,0.00,0.00,0,0.00,0.00,0.00,0.00,0.00,0.00,0,3460,4532,7245,7701,5718,7499
AZ,La Paz County,04012,04,4513.135,,0.00,0.00,0.00,0.00,0.00,0.00,0,0.00,0.00,0.00,0.00,0.00,0.00,0,16079,19177,17461,19083,18307,20225
AZ,Maricopa County,04013,04,9224.569,,0.00,0.00,0.00,0.00,0.00,0.00,0,0.00,0.00,0.00,0.00,0.00,0.00,0,4374030,5207440,4467479,4862708,4808118,3638481
AZ,Mohave County,04015,04,13461.586,,0.00,0.00,0.00,0.00,0.00,0.00,0,0.00,0.00,0.00,0.00,0.00,0.00,0,376576,431551,230919,249734,317186,186617
AZ,Navajo County,04017,04,9959.470,,0.00,0.00,0.00,0.00,0.00,0.00,0,0.00,0.00,0.00,0.00,0.00,0.00,0,142078,173633,141558,156699,157188,108494
AZ,Pima County,04019,04,9189.591,,0.00,0.00,0.00,0.00,0.00,0.00,0,0.00,0.00,0.00,0.00,0.00,0.00,0,1236361,1491207,1137224,1250675,1304416,925000
AZ,Pinal County,04021,04,5373.722,,0.00,0.00,0.00,0.00,0.00,0.00,0,0.00,0.00,0.00,0.00,0.00,0.00,0,429747,509623,320633,351053,405408,240044
AZ,Santa Cruz County,04023,04,1238.728,,0.00,0.00,0.00,0.00,0.00,0.00,0,0.00,0.00,0.00,0.00,0.00,0.00,0,65538,80118,63070,70164,71135,42012
AZ,Yavapai County,04025,04,8127.977,,0.00,0.00,0.00,0.00,0.00,0.00,0,0.00,0.00,0.00,0.00,0.00,0.00,0,307808,356843,215198,233652,277976,198841
AZ,Yuma County,04027,04,5518.393,,0.00,0.00,0.00,0.00,0.00,0.00,0,0.00,0.00,0.00,0.00,0.00,0.00,0,382040,460433,280865,310555,360480,181598
CA,Alameda County,06001,06,744.536,06001,3.64,30.69,11.00,1.83,40.00,31.00,5,3.38,17.26,8.00,1.33,27.00,27.00,3,2003240,2246316,2024941,2072324,2066829,1451065
CA,Alpine County,06003,06,740.072,06003,3.60,24.96,5.00,0.83,18.00,35.33,4,2.80,11.91,5.00,0.83,14.00,41.00,1,1198,1432,1198,1303,1303,1138
CA,Amador County,06005,06,600.367,06005,3.13,21.14,8.00,1.33,25.00,23.40,4,2.89,11.90,9.00,1.50,26.00,21.83,2,32973,37228,32746,35140,34915,38434
CA,Butte County,06007,06,1678.974,06007,3.50,31.33,14.00,2.33,49.00,37.50,5,3.73,16.85,15.00,2.50,56.00,45.00,5,268856,318537,258746,279234,285040,214153
CA,Calaveras County,06009,06,1036.348,06009,3.29,21.07,7.00,1.17,23.00,22.00,4,2.75,11.52,8.00,1.33,22.00,25.40,2,40648,46347,41842,45325,44191,46779
CA,Colusa County,06011,06,1158.861,06011,3.64,22.12,14.00,2.33,51.00,37.50,5,4.08,13.49,13.00,2.17,53.00,38.83,5,19613,22788,28485,29869,25141,20873
CA,Contra Costa County,06013,06,733.711,06013,3.29,28.91,14.00,2.33,46.00,40.83,5,3.91,15.44,11.00,1.83,43.00,30.17,4,1240285,1440612,1252109,1327673,1323357,1017644
CA,Del Norte County,06015,06,1013.179,06015,3.40,32.17,20.00,3.33,68.00,52.50,5,4.10,16.06,21.00,3.50,86.00,55.83,5,21179,24484,27432,29458,26061,28719
CA,El Dorado County,06017,06,1788.512,06017,3.50,21.08,10.00,1.67,35.00,29.80,4,3.33,15.31,9.00,1.50,30.00,22.50,3,243528,284578,203929,219731,239555,176319
CA,Fresno County,06019,06,6010.780,06019,3.20,15.37,5.00,0.83,16.00,34.33,3,2.33,11.84,3.00,0.50,7.00,2.33,1,1458762,1727947,1367542,1472794,1523110,878089
CA,Glenn County,06021,06,1323.305,06021,3.50,22.93,14.00,2.33,49.00,38.17,5,4.08,14.32,12.00,2.00,49.00,34.17,4,20694,25336,31042,33708,28112,27683
CA,Humboldt County,06023,06,3584.422,06023,3.48,28.65,23.00,3.83,80.00,60.17,5,4.40,17.90,20.00,3.33,88.00,59.17,5,101468,121891,127854,139575,125404,128359
CA,Imperial County,06025,06,4495.635,06025,2.00,15.33,1.00,0.17,2.00,2.00,1,0.00,0.00,0.00,0.00,0.00,0.00,0,330114,391850,267759,289558,320423,155862
CA,Inyo County,06027,06,10223.468,06027,2.00,9.28,3.00,0.50,6.00,32.00,1,0.00,0.00,0.00,0.00,0.00,0.00,0,4130,5111,12186,13332,7879,18040
CA,Kern County,06029,06,8156.498,06029,3.00,20.69,3.00,0.50,9.00,33.50,2,2.67,11.57,3.00,0.50,8.00,2.67,1,1271617,1524990,1135704,1240766,1313728,756981
CA,Kings County,06031,06,1387.258,06031,2.60,16.52,5.00,0.83,13.00,34.00,2,2.50,15.35,2.00,0.33,5.00,2.50,1,242972,287711,209151,227193,244018,143467
CA,Lake County,06033,06,1331.757,06033,3.57,29.15,14.00,2.33,50.00,47.00,5,3.71,14.60,17.00,2.83,63.00,46.50,4,61790,73745,64802,70732,69190,65157
CA,Lassen County,06035,06,4718.470,06035,3.10,27.52,10.00,1.67,31.00,27.60,4,3.45,17.94,11.00,1.83,38.00,23.67,4,23837,27040,30223,32547,29089,34603
CA,Los Angeles County,06037,06,4079.506,06037,2.25,18.97,4.00,0.67,9.00,49.50,1,4.00,14.08,1.00,0.17,4.00,4.00,2,12411820,15126010,13172220,14392740,13997590,9941197
CA,Madera County,06039,06,2151.796,06039,3.33,14.73,6.00,1.00,20.00,26.50,2,2.60,10.17,5.00,0.83,13.00,4.00,1,294398,350861,225764,247037,280560,142530
CA,Marin County,06041,06,526.414,06041,3.50,33.34,18.00,3.00,63.00,61.67,5,3.86,18.30,14.00,2.33,54.00,33.33,5,169487,201597,202596,218754,201724,247103
CA,Mariposa County,06043,06,1463.714,06043,3.13,14.09,8.00,1.33,25.00,27.00,3,3.00,10.56,5.00,0.83,15.00,10.75,1,6011,4682,10966,12043,6735,18058
CA,Mendocino County,06045,06,3513.883,06045,3.64,33.02,22.00,3.67,80.00,75.00,5,4.09,17.52,23.00,3.83,94.00,51.83,5,59278,72160,81878,90010,77709,88276
CA,Merced County,06047,06,1972.821,06047,3.17,24.64,6.00,1.00,19.00,26.75,3,3.00,14.66,4.00,0.67,12.00,4.67,1,425882,518538,377419,417251,442520,242249
CA,Modoc County,06049,06,4201.326,06049,3.00,32.30,7.00,1.17,21.00,36.25,3,2.89,12.25,9.00,1.50,26.00,5.33,2,3845,4807,7427,7724,5947,9503
CA,Mono County,06051,06,3127.608,06051,2.33,15.35,3.00,0.50,7.00,33.00,1,3.00,9.73,2.00,0.33,6.00,3.00,1,5954,4430,9684,10601,6769,12712
CA,Monterey County,06053,06,3313.216,06053,3.33,24.69,6.00,1.00,20.00,27.25,3,2.75,11.32,4.00,0.67,11.00,2.75,1,555112,679731,555149,613559,614154,412340
CA,Napa County,06055,06,785.442,06055,3.19,28.50,16.00,2.67,51.00,53.83,5,3.79,15.05,14.00,2.33,53.00,40.00,5,115442,141554,134705,148408,138482,132516
CA,Nevada County,06057,06,978.517,06057,3.00,26.67,17.00,2.83,51.00,39.67,4,4.10,20.06,10.00,1.67,41.00,26.67,5,72828,86305,83036,90693,85429,98263
CA,Orange County,06059,06,797.156,06059,2.75,13.71,4.00,0.67,11.00,50.50,1,2.00,10.73,1.00,0.17,2.00,2.00,1,3461193,4180463,3578178,3940365,3871976,2992643
CA,Placer County,06061,06,1498.782,06061,3.33,26.48,12.00,2.00,40.00,52.00,4,4.33,18.26,9.00,1.50,39.00,29.67,4,541482,634496,393002,427677,501821,316868
CA,Plumas County,06063,06,2612.985,06063,3.06,22.54,17.00,2.83,52.00,49.80,5,4.21,19.46,14.00,2.33,59.00,38.00,5,4064,4056,12339,13716,8026,21409
CA,Riverside County,06065,06,7316.183,06065,2.00,17.77,1.00,0.17,2.00,2.00,1,2.00,14.56,1.00,0.17,2.00,2.00,1,2898338,3511000,2679387,2965478,3082715,1945392
CA,Sacramento County,06067,06,985.735,06067,2.90,25.57,10.00,1.67,29.00,36.20,4,3.67,12.89,9.00,1.50,33.00,23.50,3,1652241,1984777,1632663,1795640,1806822,1363423
CA,San Benito County,06069,06,1393.479,06069,3.33,26.55,6.00,1.00,20.00,27.25,3,2.75,12.15,4.00,0.67,11.00,2.75,1,88830,108081,78822,87327,92312,56006
CA,San Bernardino County,06071,06,20097.792,06071,2.00,13.35,1.00,0.17,2.00,2.00,1,2.00,6.54,1.00,0.17,2.00,2.00,1,2885705,3521302,2776635,3081350,3138681,1964511
CA,San Diego County,06073,06,4243.426,06073,2.00,13.40,3.00,0.50,6.00,19.00,1,3.00,7.31,1.00,0.17,3.00,3.00,1,3342295,4050371,3472057,3832421,3758411,2936609
CA,San Francisco County,06075,06,48.060,06075,3.80,32.86,15.00,2.50,57.00,53.67,5,3.43,16.89,14.00,2.33,48.00,31.67,4,546678,649118,639500,695634,646039,741025
CA,San Joaquin County,06077,06,1427.799,06077,2.91,24.89,11.00,1.83,32.00,30.00,4,3.00,15.78,8.00,1.33,24.00,26.60,3,1060282,1278140,935719,1033102,1099887,664796
CA,San Luis Obispo County,06079,06,3310.169,06079,3.20,19.24,5.00,0.83,16.00,11.75,3,3.00,17.40,1.00,0.17,3.00,3.00,1,300610,359974,280279,307519,318201,255538
CA,San Mateo County,06081,06,453.282,06081,3.64,33.28,11.00,1.83,40.00,29.00,5,3.00,16.34,10.00,1.67,30.00,27.17,3,717817,868069,729126,801355,796673,701175
CA,Santa Barbara County,06083,06,2751.192,06083,2.50,21.63,4.00,0.67,10.00,14.00,2,3.00,14.23,1.00,0.17,3.00,3.00,1,537455,655415,511230,566242,580290,400908
CA,Santa Clara County,06085,06,1299.080,06085,3.44,30.88,9.00,1.50,31.00,20.33,4,3.22,13.18,9.00,1.50,29.00,31.80,3,1804292,2177505,1902796,2093927,2039744,1705158
CA,Santa Cruz County,06087,06,448.274,06087,3.33,32.04,9.00,1.50,30.00,20.33,4,3.00,13.93,8.00,1.33,24.00,30.80,2,407571,434859,408652,400202,399539,249420
CA,Shasta County,06089,06,3847.073,06089,3.58,37.62,12.00,2.00,43.00,43.83,5,3.71,16.55,14.00,2.33,52.00,33.00,5,182993,215721,189890,204630,201330,178970
CA,Sierra County,06091,06,955.009,06091,2.94,23.56,18.00,3.00,53.00,42.17,4,4.18,18.66,11.00,1.83,46.00,28.33,5,3052,3554,3052,3256,3256,3405
CA,Siskiyou County,06093,06,6347.387,06093,3.19,31.93,16.00,2.67,51.00,50.50,5,3.69,13.39,16.00,2.67,59.00,34.50,4,32166,38168,40659,43460,39009,45066
CA,Solano County,06095,06,842.859,06095,3.31,29.30,13.00,2.17,43.00,36.33,5,3.83,14.42,12.00,2.00,46.00,36.50,4,755593,849581,629605,645045,709902,410786
CA,Sonoma County,06097,06,1589.751,06097,3.94,35.50,16.00,2.67,63.00,54.67,5,3.78,16.02,18.00,3.00,68.00,46.33,5,720686,787573,668366,667826,695268,466970
CA,Stanislaus County,06099,06,1512.528,06099,3.11,23.66,9.00,1.50,28.00,30.20,4,3.00,13.45,7.00,1.17,21.00,20.60,2,971111,1097691,855252,881480,942332,505492
CA,Sutter County,06101,06,608.991,06101,3.64,23.01,14.00,2.33,51.00,37.33,5,4.00,14.82,11.00,1.83,44.00,31.67,4,144460,154581,144380,141992,141799,89005
CA,Tehama County,06103,06,2961.163,06103,3.50,24.64,12.00,2.00,42.00,33.67,4,4.25,14.69,12.00,2.00,51.00,24.83,4,68679,80069,72589,76914,74992,60932
CA,Trinity County,06105,06,3206.456,06105,3.47,38.65,17.00,2.83,59.00,53.17,5,3.94,14.49,17.00,2.83,67.00,38.50,4,5035,6233,9339,10195,7769,13917
CA,Tulare County,06107,06,4849.511,06107,2.25,18.25,4.00,0.67,9.00,49.50,1,3.00,17.26,1.00,0.17,3.00,3.00,1,884222,980983,826540,831967,862468,411131
CA,Tuolumne County,06109,06,2277.323,06109,3.00,19.59,6.00,1.00,18.00,26.25,2,2.75,10.42,8.00,1.33,22.00,17.50,2,46156,52369,50153,53323,51082,56898
CA,Ventura County,06111,06,1856.170,06111,2.00,23.65,3.00,0.50,6.00,32.50,1,4.00,13.36,1.00,0.17,4.00,4.00,2,1443488,1551753,1394245,1367935,1396795,796348
CA,Yolo County,06113,06,1024.031,06113,3.25,23.85,12.00,2.00,39.00,43.60,4,4.09,13.74,11.00,1.83,45.00,32.00,4,441182,450502,423565,397003,405242,185091
CA,Yuba County,06115,06,645.409,06115,3.57,34.20,14.00,2.33,50.00,43.50,5,3.92,16.79,13.00,2.17,51.00,36.17,5,84022,90244,105234,104145,93308,67144
CO,Adams County,08001,08,1183.748,08001,3.43,11.61,7.00,1.17,24.00,40.25,3,2.00,11.52,1.00,0.17,2.00,2.00,1,889731,910899,865902,813811,829887,402219
CO,Alamosa County,08003,08,723.535,08003,2.83,28.79,6.00,1.00,17.00,36.67,3,2.00,9.48,1.00,0.17,2.00,2.00,1,9138,10415,19056,19717,14186,15254
CO,Arapahoe County,08005,08,804.368,08005,2.86,11.92,7.00,1.17,20.00,39.75,2,2.00,9.02,1.00,0.17,2.00,2.00,1,1077916,1082359,1060518,978864,996017,529305
CO,Archuleta County,08007,08,1355.469,08007,2.91,28.15,11.00,1.83,32.00,55.75,4,2.50,51.04,2.00,0.33,5.00,2.50,2,16723,17610,13444,14048,15083,11882
CO,Baca County,08009,08,2554.781,08009,2.00,9.12,1.00,0.17,2.00,2.00,1,2.00,8.99,1.00,0.17,2.00,2.00,1,3784,4357,3784,3982,3982,4082
CO,Bent County,08011,08,1541.090,08011,2.00,11.80,1.00,0.17,2.00,2.00,1,2.00,11.58,1.00,0.17,2.00,2.00,1,3694,4287,6534,6800,6109,5563
CO,Boulder County,08013,08,740.696,08013,3.18,20.46,11.00,1.83,35.00,50.50,4,2.57,17.28,7.00,1.17,18.00,17.50,3,568165,563835,521282,476569,499875,279508
CO,Broomfield County,08014,08,33.275,08014,3.18,18.73,11.00,1.83,35.00,50.50,4,2.17,18.77,6.00,1.00,13.00,3.75,1,75537,77328,69647,67689,69888,43376
CO,Chaffee County,08015,08,1014.944,08015,2.91,26.17,11.00,1.83,32.00,28.80,4,2.50,12.88,4.00,0.67,10.00,6.33,1,3176,4919,9326,9851,5752,16879
CO,Cheyenne County,08017,08,1781.111,08017,2.50,13.67,2.00,0.33,5.00,2.50,1,2.50,12.53,2.00,0.33,5.00,2.50,1,3112,3148,3112,2893,2893,1952
CO,Clear Creek County,08019,08,396.477,08019,3.08,26.21,12.00,2.00,37.00,44.40,4,2.40,16.16,5.00,0.83,12.00,17.67,1,1221,1570,6900,8031,5120,9196
CO,Conejos County,08021,08,1290.995,08021,2.86,34.17,7.00,1.17,20.00,28.00,3,2.00,79.92,2.00,0.33,4.00,2.00,2,4092,4936,8241,8817,6041,8446
CO,Costilla County,08023,08,1230.568,08023,2.80,14.26,5.00,0.83,14.00,13.67,1,2.00,19.22,2.00,0.33,4.00,2.00,1,3416,4985,4402,4511,4511,3409
CO,Crowley County,08025,08,800.387,08025,2.50,10.63,2.00,0.33,5.00,2.50,1,2.00,10.41,1.00,0.17,2.00,2.00,1,4530,5412,4753,5149,5149,5377
CO,Custer County,08027,08,739.932,08027,2.86,39.29,7.00,1.17,20.00,29.67,4,2.00,32.53,2.00,0.33,4.00,19.00,1,3146,3748,3146,3436,3436,3874
CO,Delta County,08029,08,1148.628,08029,2.60,21.82,10.00,1.67,26.00,26.00,4,2.33,12.99,6.00,1.00,14.00,19.00,1,20418,21106,32198,31637,25467,29991
CO,Denver County,08031,08,157.783,08031,3.22,14.86,9.00,1.50,29.00,48.00,3,2.00,13.26,3.00,0.50,6.00,3.50,1,1171103,1073492,1389805,1187991,1094225,558663
CO,Dolores County,08033,08,1068.044,08033,2.50,17.06,8.00,1.33,20.00,31.00,2,2.50,9.30,2.00,0.33,5.00,2.50,1,1629,1904,1629,1747,1747,1809
CO,Douglas County,08035,08,842.597,08035,3.33,16.33,9.00,1.50,30.00,41.00,3,2.00,10.77,4.00,0.67,8.00,3.00,1,2056976,2215822,779159,788175,1405572,249572
CO,Eagle County,08037,08,1691.838,08037,3.08,19.65,12.00,2.00,37.00,32.50,4,2.83,13.76,6.00,1.00,17.00,14.75,1,279928,258196,156803,134786,181403,47684
CO,Elbert County,08039,08,1850.959,08039,2.60,13.76,5.00,0.83,13.00,4.00,1,2.00,9.43,1.00,0.17,2.00,2.00,1,44385,48297,29656,31471,37414,22741
CO,El Paso County,08041,08,2129.530,08041,2.50,16.99,6.00,1.00,15.00,4.75,1,2.00,6.51,1.00,0.17,2.00,2.00,1,870107,974483,810915,834953,868846,564857
CO,Fremont County,08043,08,1534.043,08043,2.89,24.78,9.00,1.50,26.00,22.80,3,2.00,13.39,1.00,0.17,2.00,2.00,1,36890,41972,42301,45060,42323,47650
CO,Garfield County,08045,08,2955.825,08045,3.50,18.19,6.00,1.00,21.00,28.67,3,2.67,11.49,3.00,0.50,8.00,2.67,1,89877,92471,84367,81872,84040,49772
CO,Gilpin County,08047,08,150.331,08047,3.18,20.63,11.00,1.83,35.00,50.50,4,2.57,17.33,7.00,1.17,18.00,17.50,3,1759,2243,4689,5044,5044,4953
CO,Grand County,08049,08,1869.172,08049,2.86,21.29,14.00,2.33,40.00,62.25,4,3.25,13.11,4.00,0.67,13.00,27.50,2,3928,1008,7421,7570,6337,13140
CO,Gunnison County,08051,08,3259.756,08051,3.33,23.21,9.00,1.50,30.00,39.67,4,2.50,16.72,8.00,1.33,20.00,16.25,2,3004,4970,10955,11580,5989,14182
CO,Hinsdale County,08053,08,1123.158,08053,2.71,24.15,14.00,2.33,38.00,50.20,4,2.29,12.74,7.00,1.17,16.00,8.25,1,637,737,637,676,676,786
CO,Huerfano County,08055,08,1593.789,08055,3.25,23.14,4.00,0.67,13.00,5.00,3,2.00,21.73,1.00,0.17,2.00,2.00,1,3950,4805,7275,7903,6277,7741
CO,Jackson County,08057,08,1620.845,08057,2.75,17.33,12.00,2.00,33.00,36.00,3,2.50,9.83,2.00,0.33,5.00,2.50,1,1305,1578,1305,1432,1432,1423
CO,Jefferson County,08059,08,772.302,08059,3.18,21.00,11.00,1.83,35.00,40.60,4,2.40,16.50,5.00,0.83,12.00,17.67,1,607445,693074,610035,639243,641406,524809
CO,Kiowa County,08061,08,1786.012,08061,2.50,11.34,2.00,0.33,5.00,2.50,1,2.50,10.09,2.00,0.33,5.00,2.50,1,1252,1494,1252,1365,1365,1417
CO,Kit Carson County,08063,08,2161.906,08063,2.50,15.89,2.00,0.33,5.00,2.50,1,2.50,14.90,2.00,0.33,5.00,2.50,1,4094,4636,7112,7773,5649,7664
CO,Lake County,08065,08,384.010,08065,3.00,24.73,12.00,2.00,36.00,45.80,4,2.29,18.19,7.00,1.17,16.00,7.25,2,1817,1579,7098,7324,5616,7724
CO,La Plata County,08067,08,1699.912,08067,2.70,23.84,10.00,1.67,27.00,23.75,4,2.33,13.07,3.00,0.50,7.00,2.33,1,36596,42802,47267,51141,45532,47230
CO,Larimer County,08069,08,2636.463,08069,2.64,16.81,11.00,1.83,29.00,39.80,3,3.00,12.84,2.00,0.33,6.00,3.00,1,423897,485644,360222,381707,414319,271842
CO,Las Animas County,08071,08,4774.207,08071,5.00,7.91,1.00,0.17,5.00,5.00,2,0.00,0.00,0.00,0.00,0.00,0.00,0,4083,4042,11213,12348,7365,15387
CO,Lincoln County,08073,08,2586.475,08073,2.67,9.42,3.00,0.50,8.00,5.50,1,3.00,10.55,1.00,0.17,3.00,3.00,1,4061,4742,5247,5577,5577,5617
CO,Logan County,08075,08,1845.379,08075,2.67,14.08,3.00,0.50,8.00,5.50,1,2.50,19.40,2.00,0.33,5.00,2.50,1,6560,8035,16440,17712,12023,20687
CO,Mesa County,08077,08,3341.099,08077,2.40,16.05,5.00,0.83,12.00,41.00,1,2.00,8.26,2.00,0.33,4.00,2.00,1,138766,164678,140319,151979,151831,129746
CO,Mineral County,08079,08,877.643,08079,2.86,29.33,14.00,2.33,40.00,50.40,4,2.50,34.59,6.00,1.00,15.00,4.75,2,701,818,701,755,755,923
CO,Moffat County,08081,08,4752.382,08081,3.00,11.99,2.00,0.33,6.00,3.00,1,0.00,0.00,0.00,0.00,0.00,0.00,0,3100,3697,8092,8694,5493,13397
CO,Montezuma County,08083,08,2040.003,08083,2.67,14.19,6.00,1.00,16.00,25.67,1,2.00,11.90,1.00,0.17,2.00,2.00,1,10803,13299,20633,22676,17247,24767
CO,Montrose County,08085,08,2242.569,08085,2.29,16.38,7.00,1.17,16.00,28.00,2,2.33,8.02,3.00,0.50,7.00,2.33,1,20569,24759,34242,37054,29690,37554
CO,Morgan County,08087,08,1293.749,08087,3.00,9.33,6.00,1.00,18.00,22.25,1,2.00,14.63,1.00,0.17,2.00,2.00,1,19319,22363,32560,33990,26938,27997
CO,Otero County,08089,08,1269.722,08089,2.50,9.33,2.00,0.33,5.00,2.50,1,2.00,10.07,1.00,0.17,2.00,2.00,1,6458,8309,16531,18202,12249,19507
CO,Ouray County,08091,08,542.262,08091,2.70,26.46,10.00,1.67,27.00,28.75,4,2.75,11.20,4.00,0.67,11.00,4.00,1,3609,4247,3609,3897,3897,4257
CO,Park County,08093,08,2210.611,08093,3.18,24.33,11.00,1.83,35.00,29.20,4,2.33,12.93,6.00,1.00,14.00,8.67,1,28207,29882,18848,20000,23490,16944
CO,Phillips County,08095,08,688.059,08095,2.50,23.26,2.00,0.33,5.00,2.50,1,2.50,22.52,2.00,0.33,5.00,2.50,1,3248,4970,5298,5600,5600,4577
CO,Pitkin County,08097,08,972.960,08097,3.33,27.03,9.00,1.50,30.00,42.00,4,3.17,21.27,6.00,1.00,19.00,15.25,3,3918,4089,7563,7586,5347,14822
CO,Prowers County,08099,08,1644.706,08099,2.00,10.93,2.00,0.33,4.00,2.00,1,2.00,11.58,1.00,0.17,2.00,2.00,1,7186,8520,14554,15434,11296,13923
CO,Pueblo County,08101,08,2398.050,08101,2.75,21.34,4.00,0.67,11.00,2.75,3,2.00,9.19,2.00,0.33,4.00,2.00,1,150173,184334,171287,188341,177936,150974
CO,Rio Blanco County,08103,08,3222.814,08103,3.50,15.61,2.00,0.33,7.00,3.50,2,2.00,10.75,1.00,0.17,2.00,2.00,1,2996,3705,6234,6728,5490,6000
CO,Rio Grande County,08105,08,912.147,08105,2.73,34.09,11.00,1.83,30.00,45.20,4,2.67,60.88,3.00,0.50,8.00,5.50,3,3476,4473,8932,9916,6201,12251
CO,Routt County,08107,08,2367.586,08107,3.00,17.10,7.00,1.17,21.00,26.50,3,3.00,8.95,1.00,0.17,3.00,3.00,1,6088,7407,14133,15202,8216,21284
CO,Saguache County,08109,08,3170.367,08109,3.00,42.93,8.00,1.33,24.00,36.67,4,2.67,32.53,3.00,0.50,8.00,5.50,2,3842,4780,7603,8292,6051,7032
CO,San Juan County,08111,08,388.301,08111,2.92,23.64,13.00,2.17,38.00,31.80,4,2.60,12.12,5.00,0.83,13.00,3.50,1,478,573,478,524,524,568
CO,San Miguel County,08113,08,1288.448,08113,2.63,20.69,8.00,1.33,21.00,22.25,3,2.50,9.91,2.00,0.33,5.00,2.50,1,6990,4848,7077,7480,6215,7190
CO,Sedgwick County,08115,08,549.069,08115,2.25,15.81,4.00,0.67,9.00,40.50,1,2.50,23.54,2.00,0.33,5.00,2.50,1,2270,2725,2270,2479,2479,2523
CO,Summit County,08117,08,619.611,08117,2.79,26.32,14.00,2.33,39.00,44.40,4,4.00,15.42,3.00,0.50,12.00,4.00,3,69932,72815,30960,31502,34422,24963
CO,Teller County,08119,08,558.957,08119,2.91,20.75,11.00,1.83,32.00,41.00,4,2.00,14.57,5.00,0.83,10.00,6.33,1,32010,34871,23171,24861,28250,21862
CO,Washington County,08121,08,2523.899,08121,3.00,13.68,2.00,0.33,6.00,3.00,1,2.50,14.58,2.00,0.33,5.00,2.50,1,3060,5055,4231,4616,4616,4628
CO,Weld County,08123,08,4013.639,08123,3.00,11.81,6.00,1.00,18.00,22.25,1,2.00,12.83,2.00,0.33,4.00,2.00,1,339699,407545,315286,344699,358473,228158
CO,Yuma County,08125,08,2369.077,08125,2.50,20.61,2.00,0.33,5.00,2.50,1,2.50,19.88,2.00,0.33,5.00,2.50,1,3811,4896,7336,7720,5773,9785
ID,Ada County,16001,16,1060.509,16001,3.08,15.69,13.00,2.17,40.00,32.83,4,3.67,25.07,3.00,0.50,11.00,8.50,3,598344,632911,534026,519525,552191,345418
ID,Adams County,16003,16,1368.796,16003,3.30,23.32,20.00,3.33,66.00,57.67,5,2.90,15.43,10.00,1.67,29.00,38.00,3,3484,3841,3484,3529,3529,3542
ID,Bannock County,16005,16,1147.473,16005,2.64,14.35,11.00,1.83,29.00,25.25,3,2.50,18.19,2.00,0.33,5.00,2.50,1,70832,80720,93106,96144,84626,77794
ID,Bear Lake County,16007,16,1051.774,16007,2.50,19.76,12.00,2.00,30.00,18.80,3,2.67,20.04,3.00,0.50,8.00,7.50,2,3501,4294,6625,7127,5901,6180
ID,Benewah County,16009,16,783.988,16009,3.15,48.87,13.00,2.17,41.00,42.60,5,2.83,47.85,6.00,1.00,17.00,6.75,3,3703,4636,7158,7867,5647,9165
ID,Bingham County,16011,16,2120.223,16011,2.64,14.57,14.00,2.33,37.00,19.67,3,2.25,9.51,4.00,0.67,9.00,2.25,1,35212,39355,53949,54748,44780,43775
ID,Blaine County,16013,16,2660.626,16013,3.46,25.16,13.00,2.17,45.00,29.50,5,2.75,18.69,4.00,0.67,11.00,11.50,2,31997,27664,35769,30113,28013,21173
ID,Boise County,16015,16,1907.849,16015,3.18,21.33,22.00,3.67,70.00,72.50,5,3.45,21.40,11.00,1.83,38.00,19.00,4,5522,5665,7988,8218,6794,7440
ID,Bonner County,16017,16,1920.929,16017,3.45,31.76,20.00,3.33,69.00,54.00,5,2.93,13.89,15.00,2.50,44.00,28.50,3,23959,27974,34630,36716,31075,40736
ID,Bonneville County,16019,16,1901.629,16019,2.55,19.90,11.00,1.83,28.00,18.00,3,2.00,13.25,3.00,0.50,6.00,2.00,1,94507,106359,116009,118724,107840,91702
ID,Boundary County,16021,16,1279.334,16021,3.00,24.50,17.00,2.83,51.00,61.60,4,2.25,12.83,12.00,2.00,27.00,30.60,2,4148,4919,7748,8257,5891,10563
ID,Butte County,16023,16,2233.854,16023,2.85,18.11,13.00,2.17,37.00,37.20,4,3.00,13.84,3.00,0.50,9.00,9.00,1,3250,3560,3250,3262,3262,2782
ID,Camas County,16025,16,1079.100,16025,3.69,24.68,13.00,2.17,48.00,26.83,5,2.88,18.78,8.00,1.33,23.00,25.75,3,1191,1309,1191,1204,1204,1064
ID,Canyon County,16027,16,602.895,16027,2.91,16.02,11.00,1.83,32.00,38.60,3,3.00,20.48,3.00,0.50,9.00,8.50,2,298272,320409,280470,276547,285338,164981
ID,Caribou County,16029,16,1799.666,16029,2.73,20.62,11.00,1.83,30.00,18.40,4,2.50,22.84,2.00,0.33,5.00,2.50,1,2996,3565,7422,7753,5806,7094
ID,Cassia County,16031,16,2573.482,16031,4.50,10.99,2.00,0.33,9.00,4.50,3,3.00,15.41,1.00,0.17,3.00,3.00,1,11157,11879,24094,23868,16665,21391
ID,Clark County,16033,16,1765.252,16033,3.13,24.20,16.00,2.67,50.00,55.00,5,2.33,16.10,6.00,1.00,14.00,14.50,1,2612,2251,2612,2071,2071,914
ID,Clearwater County,16035,16,2488.516,16035,3.86,52.58,21.00,3.50,81.00,51.83,5,3.14,16.94,14.00,2.33,44.00,46.75,4,4024,4753,6588,7043,6047,8338
ID,Custer County,16037,16,4938.344,16037,3.37,20.71,19.00,3.17,64.00,64.00,5,3.09,16.89,11.00,1.83,34.00,18.67,4,3658,4215,3658,3859,3859,4097
ID,Elmore County,16039,16,3099.070,16039,3.31,17.71,16.00,2.67,53.00,49.83,4,3.33,22.54,6.00,1.00,20.00,5.20,3,23971,25767,34817,34738,29081,28298
ID,Franklin County,16041,16,668.889,16041,2.70,16.65,10.00,1.67,27.00,23.25,3,2.67,14.16,3.00,0.50,8.00,7.50,1,4453,5117,12157,12604,8119,12410
ID,Fremont County,16043,16,1897.520,16043,3.50,30.33,18.00,3.00,63.00,44.00,5,3.00,15.75,11.00,1.83,33.00,30.25,3,3569,4864,11516,11365,6669,12224
ID,Gem County,16045,16,565.405,16045,3.21,22.69,19.00,3.17,61.00,56.17,5,3.11,18.62,9.00,1.50,28.00,29.25,3,5245,6067,13476,14079,9373,16265
ID,Gooding County,16047,16,732.810,16047,3.56,18.61,9.00,1.50,32.00,28.75,4,2.67,20.11,3.00,0.50,8.00,9.00,2,6713,7016,14929,14702,10135,14424
ID,Idaho County,16049,16,8503.234,16049,3.81,34.26,21.00,3.50,80.00,55.33,5,2.82,15.28,17.00,2.83,48.00,32.33,4,3213,4057,8207,9018,5622,15659
ID,Jefferson County,16051,16,1105.587,16051,3.70,16.83,10.00,1.67,37.00,25.80,4,2.50,11.18,4.00,0.67,10.00,27.00,1,10035,11908,21975,23227,16433,21613
ID,Jerome County,16053,16,601.672,16053,3.25,11.78,8.00,1.33,26.00,72.00,3,2.50,17.50,2.00,0.33,5.00,2.50,1,11223,12482,21757,22113,16314,19677
ID,Kootenai County,16055,16,1315.672,16055,3.19,36.79,16.00,2.67,51.00,51.00,5,3.00,30.05,8.00,1.33,24.00,11.25,3,154140,181382,140761,152206,159280,127722
ID,Latah County,16057,16,1076.981,16057,3.17,39.47,12.00,2.00,38.00,41.60,5,3.25,52.57,4.00,0.67,13.00,7.33,4,21813,24990,37482,38769,30171,34990
ID,Lemhi County,16059,16,4570.226,16059,3.15,32.44,26.00,4.33,82.00,64.17,5,3.17,20.29,12.00,2.00,38.00,20.80,4,3492,4348,6982,7518,5713,7868
ID,Lewis County,16061,16,479.794,16061,3.73,28.08,11.00,1.83,41.00,32.00,5,2.50,15.91,8.00,1.33,20.00,20.75,2,3223,3842,3223,3514,3514,3739
ID,Lincoln County,16063,16,1205.919,16063,3.00,23.82,10.00,1.67,30.00,37.00,4,2.67,17.12,3.00,0.50,8.00,9.00,1,3654,4281,6185,6396,5471,4532
ID,Madison County,16065,16,473.256,16065,3.60,32.42,10.00,1.67,36.00,24.00,5,2.00,14.53,6.00,1.00,12.00,50.00,1,31225,38838,45721,50142,42351,31207
ID,Minidoka County,16067,16,762.946,16067,2.89,15.55,9.00,1.50,26.00,48.67,3,2.00,17.62,2.00,0.33,4.00,2.00,1,5517,6408,17038,17723,10838,18996
ID,Nez Perce County,16069,16,856.292,16069,3.30,21.58,10.00,1.67,33.00,31.60,4,3.00,25.50,3.00,0.50,9.00,8.50,2,17596,21901,30275,33015,25963,38008
ID,Oneida County,16071,16,1207.891,16071,2.71,13.95,7.00,1.17,19.00,28.67,2,2.50,10.35,2.00,0.33,5.00,12.00,1,3239,5106,4288,4667,4667,4178
ID,Owyhee County,16073,16,7694.112,16073,4.00,12.02,3.00,0.50,12.00,7.00,2,2.50,14.01,2.00,0.33,5.00,13.00,1,3767,4138,8957,9200,5771,11037
ID,Payette County,16075,16,409.413,16075,3.07,20.41,14.00,2.33,43.00,40.00,5,3.00,23.31,4.00,0.67,12.00,30.50,3,11199,13931,20345,22239,17185,22114
ID,Power County,16077,16,1442.692,16077,2.56,14.14,9.00,1.50,23.00,21.75,2,2.50,10.59,2.00,0.33,5.00,2.50,1,3269,5127,7714,8245,5668,7761
ID,Shoshone County,16079,16,2637.140,16079,4.41,48.47,17.00,2.83,75.00,68.00,5,3.08,18.65,13.00,2.17,40.00,24.60,4,2673,3344,6938,7560,5353,13038
ID,Teton County,16081,16,452.128,16081,3.58,34.92,12.00,2.00,43.00,34.40,5,2.00,19.47,5.00,0.83,10.00,18.00,1,4752,5192,8537,8942,7030,7494
ID,Twin Falls County,16083,16,1928.882,16083,3.67,14.24,3.00,0.50,11.00,8.00,2,3.00,16.96,1.00,0.17,3.00,3.00,1,52045,61313,72426,76720,65997,69540
ID,Valley County,16085,16,3733.095,16085,3.33,23.23,21.00,3.50,70.00,54.33,5,2.91,18.83,11.00,1.83,32.00,31.40,3,3806,4609,7037,7616,6029,8310
ID,Washington County,16087,16,1471.341,16087,3.10,20.70,20.00,3.33,62.00,56.17,5,3.25,15.15,8.00,1.33,26.00,37.50,3,3732,4407,7563,7999,6179,10114
KS,Cheyenne County,20023,20,1020.985,20023,2.50,21.69,2.00,0.33,5.00,2.50,1,2.50,21.15,2.00,0.33,5.00,2.50,1,2441,2809,2441,2574,2574,2929
KS,Finney County,20055,20,1302.648,,0.00,0.00,0.00,0.00,0.00,0.00,0,0.00,0.00,0.00,0.00,0.00,0.00,0,64138,76890,58230,63637,66580,39059
KS,Grant County,20067,20,575.132,20067,2.00,11.43,2.00,0.33,4.00,2.00,1,2.00,10.64,2.00,0.33,4.00,2.00,1,3854,5075,7703,8622,6258,7545
KS,Greeley County,20071,20,778.351,20071,2.50,15.48,2.00,0.33,5.00,2.50,1,2.50,14.50,2.00,0.33,5.00,2.50,1,1266,1528,1266,1390,1390,1361
KS,Hamilton County,20075,20,997.197,20075,2.00,13.47,2.00,0.33,4.00,2.00,1,2.00,12.48,2.00,0.33,4.00,2.00,1,2824,3450,2824,3121,3121,2591
KS,Haskell County,20081,20,577.887,,0.00,0.00,0.00,0.00,0.00,0.00,0,0.00,0.00,0.00,0.00,0.00,0.00,0,3456,4353,5093,5630,5630,4215
KS,Kearny County,20093,20,870.985,20093,2.50,14.14,2.00,0.33,5.00,2.50,1,2.50,13.19,2.00,0.33,5.00,2.50,1,5611,5478,8017,7789,6824,4518
KS,Logan County,20109,20,1073.101,20109,2.00,14.42,2.00,0.33,4.00,2.00,1,2.00,13.93,2.00,0.33,4.00,2.00,1,2474,2956,2474,2701,2701,2764
KS,Morton County,20129,20,729.781,20129,2.00,8.95,1.00,0.17,2.00,2.00,1,2.00,8.87,1.00,0.17,2.00,2.00,1,4288,4343,7505,5983,5983,3177
KS,Rawlins County,20153,20,1069.562,20153,2.00,13.99,2.00,0.33,4.00,2.00,1,2.00,13.72,2.00,0.33,4.00,2.00,1,1964,2312,1964,2120,2120,2667
KS,Scott County,20171,20,717.659,,0.00,0.00,0.00,0.00,0.00,0.00,0,0.00,0.00,0.00,0.00,0.00,0.00,0,3545,4238,4669,4989,4989,4683
KS,Seward County,20175,20,640.399,,0.00,0.00,0.00,0.00,0.00,0.00,0,0.00,0.00,0.00,0.00,0.00,0.00,0,45217,40703,51648,44195,40770,23263
KS,Sherman County,20181,20,1056.085,20181,2.50,20.01,2.00,0.33,5.00,2.50,1,2.50,19.34,2.00,0.33,5.00,2.50,1,3193,3942,5746,6196,6196,6120
KS,Stanton County,20187,20,680.301,20187,2.00,10.15,2.00,0.33,4.00,2.00,1,2.00,9.82,1.00,0.17,2.00,2.00,1,3342,3560,3342,3235,3235,2258
KS,Stevens County,20189,20,727.460,20189,2.00,8.80,2.00,0.33,4.00,2.00,1,2.00,8.40,1.00,0.17,2.00,2.00,1,3864,4905,7406,7907,6055,5424
KS,Thomas County,20193,20,1074.794,20193,2.00,12.54,2.00,0.33,4.00,2.00,1,2.00,12.21,2.00,0.33,4.00,2.00,1,3371,4348,7168,7931,6207,7599
KS,Wallace County,20199,20,913.980,20199,2.50,17.98,2.00,0.33,5.00,2.50,1,2.50,17.17,2.00,0.33,5.00,2.50,1,1527,1804,1527,1642,1642,1556
KS,Wichita County,20203,20,718.583,20203,2.50,17.27,2.00,0.33,5.00,2.50,1,2.50,16.41,2.00,0.33,5.00,2.50,1,2570,2948,2570,2683,2683,2323
MT,Beaverhead County,30001,30,5573.483,30001,2.89,26.82,27.00,4.50,78.00,72.00,4,3.09,18.83,11.00,1.83,34.00,22.20,4,3444,4283,7118,7759,6216,8778
MT,Big Horn County,30003,30,5014.577,30003,3.40,17.77,10.00,1.67,34.00,30.50,4,2.80,10.83,5.00,0.83,14.00,3.75,1,6673,8762,13088,14653,10938,13076
MT,Blaine County,30005,30,4239.088,30005,3.86,14.43,7.00,1.17,27.00,22.25,3,4.50,16.81,4.00,0.67,18.00,10.00,4,3647,4779,7437,7869,5987,6634
MT,Broadwater County,30007,30,1238.833,30007,4.16,29.99,19.00,3.17,79.00,73.67,5,2.73,13.98,15.00,2.50,41.00,34.40,3,3726,4398,3726,4033,4033,4506
MT,Carbon County,30009,30,2062.182,30009,3.45,22.40,11.00,1.83,38.00,24.80,4,3.00,10.17,6.00,1.00,18.00,13.75,1,3978,4806,7303,7914,5871,9895
MT,Carter County,30011,30,3348.312,30011,3.50,14.06,8.00,1.33,28.00,36.33,3,4.00,15.76,3.00,0.50,12.00,14.00,3,1145,1358,1145,1242,1242,1320
MT,Cascade County,30013,30,2711.636,30013,3.24,27.46,17.00,2.83,55.00,45.80,5,2.77,10.69,13.00,2.17,36.00,29.50,3,47937,58858,68102,74574,63657,79490
MT,Chouteau County,30015,30,3998.017,30015,3.14,16.08,14.00,2.33,44.00,50.00,4,2.88,10.47,8.00,1.33,23.00,22.20,2,3399,4242,5146,5613,5613,5464
MT,Custer County,30017,30,3793.384,30017,3.56,13.94,9.00,1.50,32.00,28.50,3,3.20,15.32,5.00,0.83,16.00,8.00,3,3485,4495,7392,7718,6098,11256
MT,Daniels County,30019,30,1426.622,30019,3.57,17.55,7.00,1.17,25.00,7.80,4,3.60,20.45,5.00,0.83,18.00,8.50,4,1396,1647,1396,1505,1505,1825
MT,Dawson County,30021,30,2383.034,30021,3.40,13.25,10.00,1.67,34.00,23.80,3,3.40,16.80,5.00,0.83,17.00,8.25,3,3793,4840,7246,7979,6167,8629
MT,Deer Lodge County,30023,30,741.079,30023,3.63,40.75,24.00,4.00,87.00,57.00,5,3.00,17.89,20.00,3.33,60.00,47.00,4,3152,4017,6905,7619,5985,8986
MT,Fallon County,30025,30,1622.935,30025,3.78,13.52,9.00,1.50,34.00,29.00,3,3.20,19.66,5.00,0.83,16.00,8.00,3,2260,2685,2260,2464,2464,2709
MT,Fergus County,30027,30,4349.093,30027,3.80,15.46,10.00,1.67,38.00,41.50,4,2.86,11.63,7.00,1.17,20.00,40.33,2,3429,4329,7330,8082,5805,11503
MT,Flathead County,30029,30,5256.356,30029,4.13,32.54,16.00,2.67,66.00,46.80,5,2.94,18.54,16.00,2.67,47.00,26.50,4,61049,74504,74104,81213,74506,83079
MT,Gallatin County,30031,30,2632.286,30031,3.15,23.60,26.00,4.33,82.00,55.50,5,2.86,16.86,14.00,2.33,40.00,34.20,4,83580,98860,86603,94122,92725,78262
MT,Garfield County,30033,30,4850.908,30033,3.00,13.89,10.00,1.67,30.00,38.25,3,2.83,15.15,6.00,1.00,17.00,7.75,2,998,1184,998,1087,1087,1211
MT,Glacier County,30035,30,3036.011,30035,2.93,32.86,14.00,2.33,41.00,39.40,4,2.78,20.25,9.00,1.50,25.00,13.67,3,6271,8172,13164,14742,10719,13522
MT,Golden Valley County,30037,30,1176.383,30037,3.15,17.99,13.00,2.17,41.00,35.40,4,3.00,12.41,7.00,1.17,21.00,22.75,2,1087,1297,1087,1188,1188,1146
MT,Granite County,30039,30,1733.036,30039,3.88,40.40,25.00,4.17,97.00,65.83,5,2.67,17.94,24.00,4.00,64.00,49.20,4,2465,2942,2465,2695,2695,2932
MT,Hill County,30041,30,2916.101,30041,3.63,16.77,8.00,1.33,29.00,28.75,4,4.25,13.13,4.00,0.67,17.00,9.67,3,6340,8283,13276,14805,10716,16276
MT,Jefferson County,30043,30,1659.721,30043,3.71,46.67,21.00,3.50,78.00,57.33,5,3.05,15.06,19.00,3.17,58.00,34.50,4,4124,5119,7520,8314,6087,11136
MT,Judith Basin County,30045,30,1870.660,30045,3.54,19.08,13.00,2.17,46.00,42.80,5,2.80,11.31,10.00,1.67,28.00,41.25,3,1730,2065,1730,1891,1891,2170
MT,Lake County,30047,30,1653.709,30047,3.64,29.59,22.00,3.67,80.00,56.00,5,2.94,17.04,18.00,3.00,53.00,43.33,4,16615,20948,24964,27683,23139,28275
MT,Lewis and Clark County,30049,30,3497.677,30049,3.75,40.68,20.00,3.33,75.00,56.83,5,3.08,17.96,13.00,2.17,40.00,25.67,4,41223,50118,51654,56658,51225,58387
MT,Liberty County,30051,30,1447.255,30051,3.09,16.41,11.00,1.83,34.00,41.50,4,3.17,12.75,6.00,1.00,19.00,18.25,2,1535,1829,1535,1676,1676,1967
MT,Lincoln County,30053,30,3674.982,30053,3.74,32.83,19.00,3.17,71.00,57.67,5,3.08,14.58,13.00,2.17,40.00,25.50,4,4410,5818,11282,12534,8407,19182
MT,McCone County,30055,30,2682.719,30055,3.20,12.78,10.00,1.67,32.00,17.80,3,2.88,14.89,8.00,1.33,23.00,11.20,2,1426,1716,1426,1566,1566,1776
MT,Madison County,30057,30,3601.908,30057,3.04,26.32,24.00,4.00,73.00,48.67,5,3.11,20.73,9.00,1.50,28.00,26.25,4,3940,4791,5774,6301,6301,7252
MT,Meagher County,30059,30,2394.757,30059,3.43,25.34,21.00,3.50,72.00,56.00,5,3.30,13.99,10.00,1.67,33.00,26.40,3,1699,2028,1699,1857,1857,1961
MT,Mineral County,30061,30,1224.794,30061,3.84,57.86,19.00,3.17,73.00,63.20,5,3.06,18.71,17.00,2.83,52.00,42.00,4,3501,4172,3501,3824,3824,4033
MT,Missoula County,30063,30,2618.245,30063,3.86,37.07,22.00,3.67,85.00,52.17,5,2.86,17.14,21.00,3.50,60.00,35.00,4,75774,93679,96656,106360,95446,100033
MT,Musselshell County,30065,30,1870.022,30065,3.18,16.45,11.00,1.83,35.00,39.00,4,2.86,10.81,7.00,1.17,20.00,17.50,2,3771,4526,3771,4135,4135,4474
MT,Park County,30067,30,2813.475,30067,3.40,31.99,20.00,3.33,68.00,51.50,5,2.90,20.29,10.00,1.67,29.00,21.60,4,3962,5018,9591,10599,6716,15965
MT,Petroleum County,30069,30,1669.376,30069,3.40,14.81,10.00,1.67,34.00,40.75,3,2.83,15.48,6.00,1.00,17.00,21.00,2,411,492,411,450,450,462
MT,Phillips County,30071,30,5211.994,30071,4.14,12.83,7.00,1.17,29.00,22.50,4,5.67,17.26,3.00,0.50,17.00,14.00,3,3490,4182,3490,3823,3823,4135
MT,Pondera County,30073,30,1639.850,30073,3.06,20.10,16.00,2.67,49.00,42.00,5,2.69,12.74,13.00,2.17,35.00,29.33,3,4160,5083,6154,6678,5911,6084
MT,Powder River County,30075,30,3297.595,30075,3.60,13.84,10.00,1.67,36.00,28.25,4,2.83,12.80,6.00,1.00,17.00,7.75,1,1395,1670,1395,1527,1527,1714
MT,Powell County,30077,30,2332.813,30077,4.00,48.43,23.00,3.83,92.00,69.17,5,3.11,17.25,18.00,3.00,56.00,36.83,4,2993,4981,5612,6059,6059,6968
MT,Prairie County,30079,30,1742.540,30079,3.40,13.20,10.00,1.67,34.00,40.00,3,3.20,17.07,5.00,0.83,16.00,8.00,3,687,809,687,746,746,1090
MT,Ravalli County,30081,30,2403.121,30081,3.48,28.22,29.00,4.83,101.00,54.17,5,2.95,19.52,21.00,3.50,62.00,35.50,4,23886,29091,32314,35198,30769,39822
MT,Richland County,30083,30,2102.967,30083,3.22,16.66,9.00,1.50,29.00,17.80,3,3.17,19.42,6.00,1.00,19.00,13.75,3,3370,4290,7190,7902,6086,9163
MT,Roosevelt County,30085,30,2369.578,30085,3.38,17.77,8.00,1.33,27.00,17.60,3,3.40,21.77,5.00,0.83,17.00,8.50,3,5836,7677,10557,11814,9074,10601
MT,Rosebud County,30087,30,5028.575,30087,3.11,16.11,9.00,1.50,28.00,27.00,3,3.00,14.38,5.00,0.83,15.00,9.67,1,4067,4307,7598,8362,5954,9279
MT,Sanders County,30089,30,2791.645,30089,4.00,50.24,18.00,3.00,72.00,64.80,5,2.76,17.84,17.00,2.83,47.00,38.83,4,3717,4463,7361,7878,5788,11009
MT,Sheridan County,30091,30,1706.058,30091,3.67,23.03,6.00,1.00,22.00,10.75,4,4.00,26.33,4.00,0.67,16.00,11.00,4,2558,2996,2558,2742,2742,3517
MT,Silver Bow County,30093,30,718.957,30093,3.75,48.31,24.00,4.00,90.00,60.50,5,2.80,17.12,20.00,3.33,56.00,38.67,4,7549,9582,21560,23469,14964,32876
MT,Stillwater County,30095,30,1804.772,30095,3.23,23.74,13.00,2.17,42.00,40.40,5,2.89,9.60,9.00,1.50,26.00,28.25,1,4120,4900,7369,7897,6119,8468
MT,Sweet Grass County,30097,30,1861.999,30097,3.20,25.68,15.00,2.50,48.00,43.80,5,3.38,11.82,8.00,1.33,27.00,18.50,3,3572,3989,3572,3663,3663,3698
MT,Teton County,30099,30,2292.444,30099,3.38,22.18,16.00,2.67,54.00,44.00,5,2.69,13.87,13.00,2.17,35.00,29.80,3,3783,4537,5828,6222,6222,6174
MT,Toole County,30101,30,1945.407,30101,3.10,19.72,10.00,1.67,31.00,40.50,4,3.00,13.29,6.00,1.00,18.00,18.25,1,3386,4738,5252,5329,5329,5174
MT,Treasure County,30103,30,984.052,30103,3.33,15.59,9.00,1.50,30.00,27.50,3,2.80,14.24,5.00,0.83,14.00,9.33,1,582,682,582,625,625,694
MT,Valley County,30105,30,5061.970,30105,3.33,12.61,9.00,1.50,30.00,24.80,3,3.29,13.00,7.00,1.17,23.00,7.00,3,3523,4356,6357,6811,6059,7144
MT,Wheatland County,30107,30,1428.241,30107,3.36,17.88,14.00,2.33,47.00,36.80,4,3.13,14.27,8.00,1.33,25.00,36.75,3,2147,2392,2147,2186,2186,2025
MT,Wibaux County,30109,30,890.132,30109,3.50,13.35,10.00,1.67,35.00,32.60,3,3.60,19.25,5.00,0.83,18.00,8.50,3,968,1024,968,937,937,944
MT,Yellowstone County,30111,30,2648.865,30111,3.36,18.02,11.00,1.83,37.00,33.75,4,2.83,10.41,6.00,1.00,17.00,22.33,1,122146,143732,137926,147029,139161,136586
NE,Arthur County,31005,31,718.308,31005,2.67,15.24,3.00,0.50,8.00,38.00,1,2.50,23.77,2.00,0.33,5.00,2.50,1,342,391,342,359,359,374
NE,Banner County,31007,31,746.255,31007,3.00,11.20,4.00,0.67,12.00,4.67,1,2.00,18.11,2.00,0.33,4.00,2.00,1,684,785,684,719,719,754
NE,Box Butte County,31013,31,1077.737,31013,3.33,14.81,3.00,0.50,10.00,6.00,1,3.00,21.27,2.00,0.33,6.00,3.00,2,3704,4455,9454,8885,5876,11302
NE,Chase County,31029,31,897.413,31029,2.50,24.00,2.00,0.33,5.00,2.50,1,2.50,23.47,2.00,0.33,5.00,2.50,1,3397,4025,3397,3678,3678,3861
NE,Cherry County,31031,31,6010.844,31031,2.50,12.48,2.00,0.33,5.00,2.50,1,2.50,11.91,2.00,0.33,5.00,2.50,1,4151,4971,5847,6254,6254,6079
NE,Cheyenne County,31033,31,1196.031,31033,3.00,14.40,3.00,0.50,9.00,5.50,1,2.50,21.26,2.00,0.33,5.00,2.50,1,3870,4695,7358,7942,6151,10011
NE,Dawes County,31045,31,1401.052,31045,3.67,15.85,3.00,0.50,11.00,6.50,3,3.50,17.09,2.00,0.33,7.00,3.50,2,4147,4182,7388,8080,5920,8592
NE,Deuel County,31049,31,440.598,31049,2.25,15.85,4.00,0.67,9.00,40.50,1,2.50,23.62,2.00,0.33,5.00,2.50,1,1670,1991,1670,1820,1820,1985
NE,Dundy County,31057,31,920.528,31057,2.50,22.95,2.00,0.33,5.00,2.50,1,2.50,22.46,2.00,0.33,5.00,2.50,1,1840,2080,1840,1908,1908,2138
NE,Garden County,31069,31,1730.882,31069,3.00,19.84,2.00,0.33,6.00,3.00,1,2.50,23.97,2.00,0.33,5.00,2.50,1,1365,1613,1365,1481,1481,2005
NE,Grant County,31075,31,783.200,31075,2.75,13.46,4.00,0.67,11.00,26.33,1,3.00,15.13,3.00,0.50,9.00,3.00,1,529,628,529,577,577,661
NE,Hayes County,31085,31,713.280,31085,2.00,14.88,2.00,0.33,4.00,2.00,1,2.00,14.67,2.00,0.33,4.00,2.00,1,955,1106,955,1011,1011,1051
NE,Hitchcock County,31087,31,718.474,31087,2.00,13.64,2.00,0.33,4.00,2.00,1,2.00,13.42,2.00,0.33,4.00,2.00,1,2521,2987,2521,2731,2731,2953
NE,Hooker County,31091,31,721.494,31091,2.67,12.57,3.00,0.50,8.00,2.67,1,2.67,12.11,3.00,0.50,8.00,2.67,1,635,768,635,699,699,749
NE,Keith County,31101,31,1109.717,31101,2.67,14.95,3.00,0.50,8.00,5.50,1,2.50,23.62,2.00,0.33,5.00,2.50,1,4134,5060,7193,7797,6285,8309
NE,Kimball County,31105,31,952.130,31105,3.33,13.23,3.00,0.50,10.00,6.50,1,2.00,17.58,2.00,0.33,4.00,2.00,1,3224,3859,3224,3526,3526,3761
NE,Lincoln County,31111,31,2575.070,,0.00,0.00,0.00,0.00,0.00,0.00,0,0.00,0.00,0.00,0.00,0.00,0.00,0,15826,20105,28676,31644,24432,35515
NE,McPherson County,31117,31,860.002,31117,2.00,14.21,2.00,0.33,4.00,2.00,1,2.00,13.98,2.00,0.33,4.00,2.00,1,441,525,441,482,482,502
NE,Morrill County,31123,31,1429.940,31123,3.00,14.78,3.00,0.50,9.00,5.50,1,2.50,21.91,2.00,0.33,5.00,2.50,1,3803,4686,4950,5436,5436,5159
NE,Perkins County,31135,31,884.913,31135,2.50,24.26,2.00,0.33,5.00,2.50,1,2.50,23.52,2.00,0.33,5.00,2.50,1,2733,3264,2733,2988,2988,3087
NE,Scotts Bluff County,31157,31,745.238,31157,2.75,12.20,4.00,0.67,11.00,4.33,1,2.00,19.17,2.00,0.33,4.00,2.00,1,17364,22434,31139,34751,27003,36641
NE,Sheridan County,31161,31,2469.794,31161,3.33,16.27,3.00,0.50,10.00,6.00,2,3.50,18.87,2.00,0.33,7.00,3.50,2,3817,4674,4969,5435,5435,5653
NE,Sioux County,31165,31,2070.033,31165,3.25,12.64,4.00,0.67,13.00,5.00,2,2.50,18.08,2.00,0.33,5.00,2.50,1,1243,1436,1243,1323,1323,1438
NV,Churchill County,32001,32,5024.102,32001,2.67,12.98,3.00,0.50,8.00,33.00,1,4.00,13.91,1.00,0.17,4.00,4.00,2,24572,25989,29250,29466,26857,24680
NV,Clark County,32003,32,8099.862,32003,2.00,6.74,1.00,0.17,2.00,2.00,1,0.00,0.00,0.00,0.00,0.00,0.00,0,3816123,3782739,3466953,3074280,3301690,1709364
NV,Douglas County,32005,32,737.813,32005,4.00,18.74,3.00,0.50,12.00,21.50,3,3.00,14.95,2.00,0.33,6.00,3.00,1,64541,66891,50299,50290,55615,46046
NV,Elko County,32007,32,17206.224,32007,2.00,13.43,1.00,0.17,2.00,2.00,1,2.00,10.12,2.00,0.33,4.00,12.00,1,124637,122660,90544,83537,97160,45576
NV,Esmeralda County,32009,32,3589.658,32009,2.00,9.37,2.00,0.33,4.00,2.00,1,2.00,11.09,1.00,0.17,2.00,2.00,1,914,897,914,825,825,805
NV,Eureka County,32011,32,4179.979,32011,2.00,14.28,1.00,0.17,2.00,2.00,1,2.50,9.42,2.00,0.33,5.00,11.00,1,2959,2451,2959,2265,2265,1412
NV,Humboldt County,32013,32,9655.879,32013,5.00,12.06,1.00,0.17,5.00,5.00,3,2.67,10.93,3.00,0.50,8.00,7.00,1,20666,16644,27010,22292,18884,17155
NV,Lander County,32015,32,5519.469,32015,2.00,11.98,2.00,0.33,4.00,2.00,1,2.50,10.54,2.00,0.33,5.00,11.00,1,3860,5118,6728,6685,6019,5105
NV,Lincoln County,32017,32,10636.865,,0.00,0.00,0.00,0.00,0.00,0.00,0,0.00,0.00,0.00,0.00,0.00,0.00,0,3601,4174,4694,4923,4923,4517
NV,Lyon County,32019,32,2016.157,32019,3.50,15.17,4.00,0.67,14.00,51.50,3,3.00,11.96,2.00,0.33,6.00,3.00,1,110544,115443,70284,70032,86372,47344
NV,Mineral County,32021,32,3813.039,32021,2.00,14.07,1.00,0.17,2.00,2.00,1,3.00,12.59,1.00,0.17,3.00,3.00,1,3604,4204,4973,5175,5175,4896
NV,Nye County,32023,32,18164.603,32023,2.00,7.66,1.00,0.17,2.00,2.00,1,0.00,0.00,0.00,0.00,0.00,0.00,0,153713,154285,66854,64449,96406,40395
NV,Pershing County,32027,32,6067.440,32027,3.00,10.79,4.00,0.67,12.00,50.50,1,3.00,11.16,3.00,0.50,9.00,7.00,1,7566,7386,8859,8267,7702,6390
NV,Storey County,32029,32,263.788,32029,2.50,12.94,10.00,1.67,25.00,24.67,2,2.80,10.86,5.00,0.83,14.00,4.75,1,4060,4600,4060,4218,4218,4045
NV,Washoe County,32031,32,6550.404,32031,3.00,19.30,5.00,0.83,15.00,34.67,2,3.33,11.36,6.00,1.00,20.00,6.25,2,929546,850704,825307,686269,737079,389775
NV,White Pine County,32033,32,8896.634,,0.00,0.00,0.00,0.00,0.00,0.00,0,2.00,9.74,1.00,0.17,2.00,2.00,1,3012,4752,7414,7626,5928,8919
NV,Carson City,32510,32,157.195,32510,3.13,13.29,8.00,1.33,25.00,30.00,3,2.40,11.63,5.00,0.83,12.00,3.25,1,81916,70188,86815,73275,69578,55877
NM,Bernalillo County,35001,35,1168.633,35001,2.00,17.51,1.00,0.17,2.00,2.00,1,0.00,0.00,0.00,0.00,0.00,0.00,0,843909,985792,809806,857910,877828,603783
NM,Catron County,35003,35,6929.127,,0.00,0.00,0.00,0.00,0.00,0.00,0,0.00,0.00,0.00,0.00,0.00,0.00,0,2523,3045,2523,2774,2774,3395
NM,Chaves County,35005,35,6075.038,,0.00,0.00,0.00,0.00,0.00,0.00,0,0.00,0.00,0.00,0.00,0.00,0.00,0,65583,77799,76566,81849,76127,61861
NM,Cibola County,35006,35,4541.705,35006,2.00,8.20,1.00,0.17,2.00,2.00,1,0.00,0.00,0.00,0.00,0.00,0.00,0,12128,15787,26526,29557,21121,27598
NM,Colfax County,35007,35,3768.052,35007,3.50,7.67,2.00,0.33,7.00,3.50,1,0.00,0.00,0.00,0.00,0.00,0.00,0,3901,5021,9038,10084,5799,13710
NM,Curry County,35009,35,1407.991,,0.00,0.00,0.00,0.00,0.00,0.00,0,0.00,0.00,0.00,0.00,0.00,0.00,0,40341,48751,54612,58848,51264,45677
NM,DeBaca County,35011,35,2333.869,,0.00,0.00,0.00,0.00,0.00,0.00,0,0.00,0.00,0.00,0.00,0.00,0.00,0,1844,2233,1844,2021,2021,2034
NM,Dona Ana County,35013,35,3812.304,,0.00,0.00,0.00,0.00,0.00,0.00,0,0.00,0.00,0.00,0.00,0.00,0.00,0,390932,457746,318237,340062,375781,189306
NM,Eddy County,35015,35,4197.233,,0.00,0.00,0.00,0.00,0.00,0.00,0,0.00,0.00,0.00,0.00,0.00,0.00,0,43716,54078,56112,61938,55347,51269
NM,Grant County,35017,35,3967.533,,0.00,0.00,0.00,0.00,0.00,0.00,0,0.00,0.00,0.00,0.00,0.00,0.00,0,15919,20107,26862,29865,23750,29609
NM,Guadalupe County,35019,35,3031.617,,0.00,0.00,0.00,0.00,0.00,0.00,0,0.00,0.00,0.00,0.00,0.00,0.00,0,4016,4904,4920,5355,5355,4380
NM,Harding County,35021,35,2126.621,,0.00,0.00,0.00,0.00,0.00,0.00,0,0.00,0.00,0.00,0.00,0.00,0.00,0,594,718,594,650,650,737
NM,Hidalgo County,35023,35,3446.519,,0.00,0.00,0.00,0.00,0.00,0.00,0,0.00,0.00,0.00,0.00,0.00,0.00,0,3405,4307,6256,6807,6082,5115
NM,Lea County,35025,35,4394.835,,0.00,0.00,0.00,0.00,0.00,0.00,0,0.00,0.00,0.00,0.00,0.00,0.00,0,45696,57288,64623,71477,61205,56650
NM,Lincoln County,35027,35,4831.299,,0.00,0.00,0.00,0.00,0.00,0.00,0,0.00,0.00,0.00,0.00,0.00,0.00,0,14805,17397,18694,20335,18207,20976
NM,Los Alamos County,35028,35,109.245,35028,2.67,12.25,3.00,0.50,8.00,26.00,1,2.00,9.50,1.00,0.17,2.00,2.00,1,4040,5020,11660,12695,7344,18858
NM,Luna County,35029,35,2965.174,,0.00,0.00,0.00,0.00,0.00,0.00,0,0.00,0.00,0.00,0.00,0.00,0.00,0,28769,35026,33382,36579,34106,26632
NM,McKinley County,35031,35,5455.246,35031,3.00,10.17,1.00,0.17,3.00,3.00,1,0.00,0.00,0.00,0.00,0.00,0.00,0,74513,93445,94483,105409,94813,71839
NM,Mora County,35033,35,1933.368,35033,2.00,6.74,1.00,0.17,2.00,2.00,1,0.00,0.00,0.00,0.00,0.00,0.00,0,3902,5010,5951,6646,5919,5127
NM,Otero County,35035,35,6625.114,,0.00,0.00,0.00,0.00,0.00,0.00,0,0.00,0.00,0.00,0.00,0.00,0.00,0,68731,82912,75574,82590,79043,63128
NM,Quay County,35037,35,2882.049,,0.00,0.00,0.00,0.00,0.00,0.00,0,0.00,0.00,0.00,0.00,0.00,0.00,0,3943,5069,7305,7776,6242,9259
NM,Rio Arriba County,35039,35,5895.724,35039,3.00,24.63,4.00,0.67,12.00,18.00,3,2.00,40.92,1.00,0.17,2.00,2.00,2,33723,42929,47455,53185,45817,40633
NM,Roosevelt County,35041,35,2454.696,,0.00,0.00,0.00,0.00,0.00,0.00,0,0.00,0.00,0.00,0.00,0.00,0.00,0,12903,16480,20781,23212,18848,18205
NM,Sandoval County,35043,35,3714.368,35043,3.00,14.98,2.00,0.33,6.00,3.00,1,0.00,0.00,0.00,0.00,0.00,0.00,0,250011,291148,161530,176645,217706,107146
NM,San Juan County,35045,35,5538.369,35045,3.00,30.55,1.00,0.17,3.00,3.00,2,2.00,12.14,1.00,0.17,2.00,2.00,1,154981,189622,161450,178636,175720,125820
NM,San Miguel County,35047,35,4735.725,,0.00,0.00,0.00,0.00,0.00,0.00,0,0.00,0.00,0.00,0.00,0.00,0.00,0,20165,25945,32680,36751,29835,29453
NM,Santa Fe County,35049,35,1910.873,,0.00,0.00,0.00,0.00,0.00,0.00,0,0.00,0.00,0.00,0.00,0.00,0.00,0,181911,219498,165911,182797,191220,140801
NM,Sierra County,35051,35,4236.210,,0.00,0.00,0.00,0.00,0.00,0.00,0,0.00,0.00,0.00,0.00,0.00,0.00,0,5992,7192,9225,10173,8392,12777
NM,Socorro County,35053,35,6648.724,,0.00,0.00,0.00,0.00,0.00,0.00,0,0.00,0.00,0.00,0.00,0.00,0.00,0,13334,16694,20172,22489,18755,18194
NM,Taos County,35055,35,2204.316,35055,3.00,11.29,3.00,0.50,9.00,3.00,1,0.00,0.00,0.00,0.00,0.00,0.00,0,19597,24607,29390,32740,27480,31610
NM,Torrance County,35057,35,3345.803,,0.00,0.00,0.00,0.00,0.00,0.00,0,0.00,0.00,0.00,0.00,0.00,0.00,0,23653,27052,20816,22731,23770,17456
NM,Union County,35059,35,3830.898,,0.00,0.00,0.00,0.00,0.00,0.00,0,0.00,0.00,0.00,0.00,0.00,0.00,0,3995,4916,3995,4436,4436,3815
NM,Valencia County,35061,35,1068.280,,0.00,0.00,0.00,0.00,0.00,0.00,0,0.00,0.00,0.00,0.00,0.00,0.00,0,136652,162082,101696,112139,128652,69132
ND,Adams County,38001,38,988.706,38001,4.33,14.60,6.00,1.00,26.00,27.25,3,4.75,19.37,4.00,0.67,19.00,11.67,4,1777,2104,1777,1928,1928,2394
ND,Billings County,38007,38,1153.494,38007,3.38,16.32,8.00,1.33,27.00,17.80,3,3.80,20.12,5.00,0.83,19.00,9.00,4,686,796,686,732,732,824
ND,Bottineau County,38009,38,1697.723,38009,3.00,11.58,3.00,0.50,9.00,3.00,1,3.00,11.41,3.00,0.50,9.00,3.00,1,3817,4641,5659,6013,6013,6740
ND,Bowman County,38011,38,1167.033,38011,4.17,14.57,6.00,1.00,25.00,35.00,3,3.40,17.65,5.00,0.83,17.00,17.00,3,2474,2962,2474,2709,2709,3029
ND,Burke County,38013,38,1128.896,38013,3.33,18.05,6.00,1.00,20.00,9.50,3,3.33,17.52,6.00,1.00,20.00,9.50,3,1483,1769,1483,1618,1618,2022
ND,Divide County,38023,38,1294.441,38023,4.40,20.31,5.00,0.83,22.00,9.75,4,3.17,19.14,6.00,1.00,19.00,9.25,3,1507,1733,1507,1592,1592,2146
ND,Dunn County,38025,38,2082.017,38025,3.22,15.50,9.00,1.50,29.00,39.50,3,4.00,21.47,5.00,0.83,20.00,9.25,4,3066,3648,3066,3334,3334,3433
ND,Golden Valley County,38033,38,1002.381,38033,3.67,14.30,9.00,1.50,33.00,23.80,3,3.60,20.20,5.00,0.83,18.00,8.50,4,1508,1814,1508,1655,1655,1724
ND,Grant County,38037,38,1665.417,38037,4.33,16.95,6.00,1.00,26.00,38.33,4,4.75,20.24,4.00,0.67,19.00,12.00,4,1983,2350,1983,2154,2154,2637
ND,Hettinger County,38041,38,1133.776,38041,3.33,15.17,9.00,1.50,30.00,23.60,3,4.50,21.57,4.00,0.67,18.00,11.67,4,1820,2162,1820,1985,1985,2549
ND,McHenry County,38049,38,1911.511,,0.00,0.00,0.00,0.00,0.00,0.00,0,0.00,0.00,0.00,0.00,0.00,0.00,0,3470,4240,4404,4801,4801,5483
ND,McKenzie County,38053,38,2858.159,38053,4.00,20.55,6.00,1.00,24.00,11.00,4,3.80,21.37,5.00,0.83,19.00,9.00,4,3793,4797,5609,6174,6174,5611
ND,McLean County,38055,38,2329.375,38055,3.00,14.80,5.00,0.83,15.00,11.00,1,3.00,14.52,5.00,0.83,15.00,11.00,1,3851,4842,6785,7433,5859,8599
ND,Mercer County,38057,38,1112.045,38057,3.57,16.12,7.00,1.17,25.00,37.33,4,4.00,19.58,5.00,0.83,20.00,9.25,3,3966,4970,7308,7983,6021,8323
ND,Morton County,38059,38,1942.221,38059,4.50,15.50,4.00,0.67,18.00,11.67,4,4.50,15.20,4.00,0.67,18.00,11.67,4,12035,15225,20103,22193,17678,25498
ND,Mountrail County,38061,38,1941.330,38061,3.17,18.60,6.00,1.00,19.00,13.33,3,3.17,19.03,6.00,1.00,19.00,9.25,3,3487,4596,6861,7579,6191,6530
ND,Oliver County,38065,38,730.146,38065,3.83,16.38,6.00,1.00,23.00,37.00,3,4.50,19.45,4.00,0.67,18.00,11.67,4,1441,1720,1441,1575,1575,1820
ND,Renville County,38075,38,892.724,38075,3.00,14.34,8.00,1.33,24.00,14.50,2,3.14,14.79,7.00,1.17,22.00,10.75,3,1990,2369,1990,2173,2173,2450
ND,Sioux County,38085,38,1128.926,38085,2.67,11.68,3.00,0.50,8.00,2.67,1,2.33,12.52,3.00,0.50,7.00,2.33,1,4085,5280,6098,6785,6265,4196
ND,Slope County,38087,38,1219.150,38087,3.71,15.83,7.00,1.17,26.00,21.80,4,3.50,25.15,6.00,1.00,21.00,7.40,3,545,642,545,592,592,710
ND,Stark County,38089,38,1340.197,38089,3.22,15.58,9.00,1.50,29.00,23.40,3,4.00,20.22,5.00,0.83,20.00,9.25,4,10096,12300,18364,19642,14963,22119
ND,Ward County,38101,38,2055.968,38101,3.33,16.49,6.00,1.00,20.00,9.50,3,3.17,16.87,6.00,1.00,19.00,9.25,3,44909,53291,57641,61065,54414,55706
ND,Williams County,38105,38,2150.700,38105,3.57,18.57,7.00,1.17,25.00,22.00,4,3.60,21.75,5.00,0.83,18.00,8.75,4,8170,10219,14805,16076,12295,19270
OK,Cimarron County,40025,40,1843.912,,0.00,0.00,0.00,0.00,0.00,0.00,0,0.00,0.00,0.00,0.00,0.00,0.00,0,3544,4240,4596,3868,3868,2809
OK,Texas County,40139,40,2048.755,,0.00,0.00,0.00,0.00,0.00,0.00,0,0.00,0.00,0.00,0.00,0.00,0.00,0,18071,17477,27433,25274,20394,20136
OR,Baker County,41001,41,3088.200,41001,3.18,21.31,22.00,3.67,70.00,55.83,5,2.92,13.99,12.00,2.00,35.00,25.60,3,3906,4959,8660,9588,6363,16255
OR,Benton County,41003,41,678.622,41003,3.33,28.44,21.00,3.50,70.00,49.00,5,3.78,15.77,18.00,3.00,68.00,48.50,5,53779,65372,78046,83884,70799,78597
OR,Clackamas County,41005,41,1879.077,41005,3.27,22.98,15.00,2.50,49.00,34.50,5,4.38,13.21,8.00,1.33,35.00,19.67,4,325671,391216,359906,389584,373164,368259
OR,Clatsop County,41007,41,828.461,41007,2.94,33.61,17.00,2.83,50.00,52.17,4,3.80,20.68,10.00,1.67,38.00,25.33,5,13671,17512,26788,29409,21860,36842
OR,Columbia County,41009,41,682.011,41009,2.82,33.43,17.00,2.83,48.00,44.00,4,4.33,17.17,9.00,1.50,39.00,19.83,4,20630,26364,37998,42050,32330,47899
OR,Coos County,41011,41,1610.738,41011,3.05,30.90,19.00,3.17,58.00,55.67,5,3.78,18.26,18.00,3.00,68.00,52.83,5,24204,31026,43624,48246,37108,64554
OR,Crook County,41013,41,2987.377,41013,3.22,19.81,9.00,1.50,29.00,49.50,3,3.33,11.26,6.00,1.00,20.00,17.00,2,6119,7637,16130,17737,11938,21999
OR,Curry County,41015,41,1631.378,41015,3.29,29.13,17.00,2.83,56.00,44.50,5,3.50,15.44,20.00,3.33,70.00,51.00,4,5102,6726,12194,13544,9315,22341
OR,Deschutes County,41017,41,3061.730,41017,3.33,18.97,9.00,1.50,30.00,25.20,3,3.75,13.73,8.00,1.33,30.00,11.67,3,160730,186657,148122,160809,166781,141288
OR,Douglas County,41019,41,5060.295,41019,3.48,25.10,21.00,3.50,73.00,56.67,5,3.63,15.86,19.00,3.17,69.00,43.67,5,55070,67470,80772,88769,74811,104139
OR,Gilliam County,41021,41,1221.823,41021,3.00,24.49,9.00,1.50,27.00,24.00,3,2.80,11.25,5.00,0.83,14.00,4.75,1,1371,1625,1371,1493,1493,1792
OR,Grant County,41023,41,4529.187,41023,2.94,25.73,18.00,3.00,53.00,34.83,4,3.17,12.53,12.00,2.00,38.00,29.80,3,3511,4421,6142,6723,5664,7319
OR,Harney County,41025,41,10236.692,41025,2.71,14.78,7.00,1.17,19.00,19.75,2,3.00,14.45,5.00,0.83,15.00,7.00,1,3234,4045,5934,6491,5446,6910
OR,Hood River County,41027,41,532.684,41027,3.23,30.38,13.00,2.17,42.00,31.00,5,2.91,13.59,11.00,1.83,32.00,30.17,3,6651,8837,17487,19533,13145,21321
OR,Jackson County,41029,41,2798.459,41029,3.14,32.84,14.00,2.33,44.00,40.17,5,4.23,18.10,13.00,2.17,55.00,29.17,5,179278,216396,188571,206917,202466,195151
OR,Jefferson County,41031,41,1791.138,41031,3.56,20.27,9.00,1.50,32.00,24.60,4,3.00,15.67,7.00,1.17,21.00,5.20,3,10103,12595,18661,20733,15950,20007
OR,Josephine County,41033,41,1641.807,41033,3.35,29.85,17.00,2.83,57.00,40.83,5,3.65,14.80,20.00,3.33,73.00,47.33,4,47949,58625,63592,69933,61616,80667
OR,Klamath County,41035,41,6141.105,41035,3.40,26.97,10.00,1.67,34.00,38.40,4,3.89,11.86,9.00,1.50,35.00,21.50,3,30702,38449,53136,58755,46276,65803
OR,Lake County,41037,41,8339.522,41037,3.20,19.28,5.00,0.83,16.00,34.67,3,4.00,11.93,3.00,0.50,12.00,8.00,2,3431,4280,6162,6749,5722,7269
OR,Lane County,41039,41,4617.997,41039,3.38,26.53,21.00,3.50,71.00,55.33,5,3.57,16.78,21.00,3.50,75.00,45.67,5,286669,350828,322382,354495,336528,334486
OR,Lincoln County,41041,41,981.809,41041,3.06,31.12,18.00,3.00,55.00,44.50,5,3.47,16.45,17.00,2.83,59.00,50.00,4,16743,21498,30652,33971,26075,45946
OR,Linn County,41043,41,2308.066,41043,3.18,28.53,17.00,2.83,54.00,47.17,5,4.00,15.18,12.00,2.00,48.00,24.33,4,66234,83116,94151,104088,89026,108942
OR,Malheur County,41045,41,9925.516,41045,2.86,13.90,7.00,1.17,20.00,21.00,2,2.25,12.12,4.00,0.67,9.00,5.67,1,16687,21526,28957,32361,25532,31292
OR,Marion County,41047,41,1196.924,41047,3.07,29.35,15.00,2.50,46.00,34.50,5,3.90,15.36,10.00,1.67,39.00,24.33,4,322252,396940,341790,377718,368740,305715
OR,Morrow County,41049,41,2048.495,41049,2.78,20.47,9.00,1.50,25.00,23.60,3,2.50,9.86,4.00,0.67,10.00,2.50,1,3925,5291,10107,11370,7737,11638
OR,Multnomah County,41051,41,464.790,41051,3.50,24.93,12.00,2.00,42.00,28.17,4,4.00,12.85,10.00,1.67,40.00,27.50,4,598712,730588,663451,729698,697388,672947
OR,Polk County,41053,41,744.365,41053,2.86,43.76,21.00,3.50,60.00,51.00,5,3.53,16.73,19.00,3.17,67.00,50.67,5,69137,71358,88957,84273,74255,70553
OR,Sherman County,41055,41,829.146,41055,3.67,43.79,6.00,1.00,22.00,36.33,4,2.75,11.39,8.00,1.33,22.00,25.40,2,1828,1945,1828,1777,1777,1729
OR,Tillamook County,41057,41,1102.204,41057,2.95,32.91,19.00,3.17,56.00,53.67,4,3.43,17.85,14.00,2.33,48.00,38.83,4,8974,9551,19296,18867,13087,25226
OR,Umatilla County,41059,41,3231.200,41059,2.93,18.02,14.00,2.33,41.00,26.33,4,2.43,9.90,7.00,1.17,17.00,20.50,1,65549,71923,85823,85428,75023,72843
OR,Union County,41061,41,2038.522,41061,3.20,29.19,20.00,3.33,64.00,50.83,5,2.71,12.75,14.00,2.33,38.00,44.00,3,8898,10452,19834,20640,14376,24418
OR,Wallowa County,41063,41,3150.015,41063,3.06,30.64,18.00,3.00,55.00,47.17,5,2.75,17.70,8.00,1.33,22.00,26.50,3,4138,5014,5441,5916,5916,6945
OR,Wasco County,41065,41,2397.278,41065,3.27,27.57,11.00,1.83,36.00,31.50,4,3.13,12.44,8.00,1.33,25.00,26.20,3,6051,6687,17787,18008,11156,23555
OR,Washington County,41067,41,726.361,41067,2.94,36.69,16.00,2.67,47.00,48.00,5,4.00,13.46,12.00,2.00,48.00,25.33,4,895296,877329,840506,747542,777138,500714
OR,Wheeler County,41069,41,1715.444,41069,2.89,31.06,9.00,1.50,26.00,23.60,3,2.43,11.80,7.00,1.17,17.00,21.00,1,1174,1317,1174,1208,1208,1430
OR,Yamhill County,41071,41,717.599,41071,2.90,40.93,20.00,3.33,58.00,51.00,5,4.00,16.19,15.00,2.50,60.00,42.17,5,104386,108235,120933,115010,106779,92080
SD,Bennett County,46007,46,1189.959,46007,3.00,12.82,5.00,0.83,15.00,12.00,1,2.75,16.25,4.00,0.67,11.00,9.67,2,3932,4879,4714,5190,5190,3561
SD,Butte County,46019,46,2266.257,46019,4.00,12.57,6.00,1.00,24.00,26.00,3,3.50,16.37,4.00,0.67,14.00,10.00,3,3834,4567,7265,8056,5905,9347
SD,Corson County,46031,46,2528.996,46031,3.00,12.31,5.00,0.83,15.00,11.33,1,2.80,12.13,5.00,0.83,14.00,11.00,1,4134,4379,5949,6588,5870,4327
SD,Custer County,46033,46,1559.105,46033,3.29,10.22,7.00,1.17,23.00,39.67,3,3.33,13.99,3.00,0.50,10.00,3.33,1,3502,4338,6726,7298,6034,7825
SD,Dewey County,46041,46,2444.587,46041,3.00,14.46,1.00,0.17,3.00,3.00,1,3.00,14.05,1.00,0.17,3.00,3.00,1,4652,6083,8075,8751,7180,6137
SD,Fall River County,46047,46,1746.194,46047,3.20,11.99,5.00,0.83,16.00,18.33,2,3.50,16.04,2.00,0.33,7.00,3.50,2,3594,4384,5762,6268,6268,7299
SD,Haakon County,46055,46,1827.415,46055,3.40,14.72,5.00,0.83,17.00,52.00,2,3.00,21.77,3.00,0.50,9.00,13.50,2,1528,1829,1528,1673,1673,1915
SD,Harding County,46063,46,2678.105,46063,3.43,13.46,7.00,1.17,24.00,36.00,3,3.50,19.91,4.00,0.67,14.00,10.00,3,1093,1268,1093,1162,1162,1204
SD,Jackson County,46071,46,1871.587,46071,3.25,14.91,4.00,0.67,13.00,17.00,2,3.00,20.12,3.00,0.50,9.00,13.50,2,3626,4440,3626,4012,4012,2891
SD,Jones County,46075,46,971.027,,0.00,0.00,0.00,0.00,0.00,0.00,0,0.00,0.00,0.00,0.00,0.00,0.00,0,871,1044,871,954,954,1050
SD,Lawrence County,46081,46,800.493,46081,4.14,10.80,7.00,1.17,29.00,32.00,4,3.33,13.94,3.00,0.50,10.00,13.50,1,8317,10580,17290,19077,13927,22510
SD,Meade County,46093,46,3482.744,46093,3.29,12.76,7.00,1.17,23.00,36.33,3,3.67,19.34,3.00,0.50,11.00,14.00,3,14654,18145,22244,24353,20246,24551
SD,Mellette County,46095,46,1310.432,46095,3.00,9.86,1.00,0.17,3.00,3.00,1,3.00,9.45,1.00,0.17,3.00,3.00,1,2656,3268,2656,2948,2948,2095
SD,Pennington County,46103,46,2784.348,46103,3.60,13.04,5.00,0.83,18.00,36.50,3,3.33,17.48,3.00,0.50,10.00,13.50,2,83574,101443,94049,102983,97800,93357
SD,Perkins County,46105,46,2889.973,46105,4.00,14.22,6.00,1.00,24.00,27.00,3,4.75,17.81,4.00,0.67,19.00,11.67,4,2430,2902,2430,2652,2652,3047
SD,Shannon County,46113,46,2096.481,46113,3.20,11.72,5.00,0.83,16.00,36.50,2,3.00,16.60,3.00,0.50,9.00,13.50,1,9966,13211,17589,19863,15491,13552
SD,Stanley County,46117,46,1517.725,46117,2.00,8.80,1.00,0.17,2.00,2.00,1,2.00,8.61,1.00,0.17,2.00,2.00,1,2726,3259,2726,2982,2982,2787
SD,Todd County,46121,46,1389.887,46121,2.00,9.00,1.00,0.17,2.00,2.00,1,0.00,0.00,0.00,0.00,0.00,0.00,0,7982,10500,12935,14586,11809,9892
SD,Ziebach County,46137,46,1970.104,46137,3.50,13.41,8.00,1.33,28.00,36.67,3,4.00,17.99,4.00,0.67,16.00,11.00,3,3859,4775,3859,4298,4298,2641
TX,Andrews County,48003,48,1500.812,,0.00,0.00,0.00,0.00,0.00,0.00,0,0.00,0.00,0.00,0.00,0.00,0.00,0,4293,5803,11289,12737,8513,12751
TX,Armstrong County,48011,48,913.822,,0.00,0.00,0.00,0.00,0.00,0.00,0,0.00,0.00,0.00,0.00,0.00,0.00,0,2068,2495,2068,2273,2273,2176
TX,Bailey County,48017,48,827.692,,0.00,0.00,0.00,0.00,0.00,0.00,0,0.00,0.00,0.00,0.00,0.00,0.00,0,3740,5017,7258,8213,5971,6659
TX,Borden County,48033,48,906.047,,0.00,0.00,0.00,0.00,0.00,0.00,0,0.00,0.00,0.00,0.00,0.00,0.00,0,729,840,729,764,764,651
TX,Briscoe County,48045,48,901.597,,0.00,0.00,0.00,0.00,0.00,0.00,0,0.00,0.00,0.00,0.00,0.00,0.00,0,2131,2298,2131,2083,2083,1635
TX,Carson County,48065,48,924.103,,0.00,0.00,0.00,0.00,0.00,0.00,0,0.00,0.00,0.00,0.00,0.00,0.00,0,4157,4635,7417,7523,5924,6577
TX,Castro County,48069,48,899.285,,0.00,0.00,0.00,0.00,0.00,0.00,0,0.00,0.00,0.00,0.00,0.00,0.00,0,3814,4560,9656,8774,5585,7628
TX,Cochran County,48079,48,775.169,,0.00,0.00,0.00,0.00,0.00,0.00,0,0.00,0.00,0.00,0.00,0.00,0.00,0,4104,4079,6429,5864,5864,3300
TX,Crane County,48103,48,785.599,,0.00,0.00,0.00,0.00,0.00,0.00,0,0.00,0.00,0.00,0.00,0.00,0.00,0,3402,4541,6403,6138,6138,3825
TX,Crockett County,48105,48,2807.477,,0.00,0.00,0.00,0.00,0.00,0.00,0,0.00,0.00,0.00,0.00,0.00,0.00,0,3902,4831,4921,5366,5366,3933
TX,Crosby County,48107,48,901.690,,0.00,0.00,0.00,0.00,0.00,0.00,0,0.00,0.00,0.00,0.00,0.00,0.00,0,3636,4716,7221,7997,5711,6636
TX,Culberson County,48109,48,3815.937,,0.00,0.00,0.00,0.00,0.00,0.00,0,0.00,0.00,0.00,0.00,0.00,0.00,0,3811,4369,3811,3923,3923,2610
TX,Dallam County,48111,48,1505.146,,0.00,0.00,0.00,0.00,0.00,0.00,0,0.00,0.00,0.00,0.00,0.00,0.00,0,3912,4582,7239,7944,6262,6177
TX,Dawson County,48115,48,902.128,,0.00,0.00,0.00,0.00,0.00,0.00,0,0.00,0.00,0.00,0.00,0.00,0.00,0,4541,5307,12379,12891,8278,14240
TX,Deaf Smith County,48117,48,1498.208,,0.00,0.00,0.00,0.00,0.00,0.00,0,0.00,0.00,0.00,0.00,0.00,0.00,0,10268,11867,22195,22916,16089,18498
TX,Dickens County,48125,48,905.219,,0.00,0.00,0.00,0.00,0.00,0.00,0,0.00,0.00,0.00,0.00,0.00,0.00,0,2510,2939,2510,2690,2690,2654
TX,Donley County,48129,48,933.073,,0.00,0.00,0.00,0.00,0.00,0.00,0,0.00,0.00,0.00,0.00,0.00,0.00,0,3814,4546,3814,4138,4138,3884
TX,Ector County,48135,48,901.766,,0.00,0.00,0.00,0.00,0.00,0.00,0,0.00,0.00,0.00,0.00,0.00,0.00,0,146013,174506,167025,179312,168412,125267
TX,El Paso County,48141,48,1017.161,,0.00,0.00,0.00,0.00,0.00,0.00,0,0.00,0.00,0.00,0.00,0.00,0.00,0,1373627,1536079,1303771,1308583,1347994,721183
TX,Floyd County,48153,48,992.517,,0.00,0.00,0.00,0.00,0.00,0.00,0,0.00,0.00,0.00,0.00,0.00,0.00,0,3707,4904,7076,7886,5976,7164
TX,Gaines County,48165,48,1502.702,,0.00,0.00,0.00,0.00,0.00,0.00,0,0.00,0.00,0.00,0.00,0.00,0.00,0,8488,10134,16346,17325,12914,14746
TX,Garza County,48169,48,896.195,,0.00,0.00,0.00,0.00,0.00,0.00,0,0.00,0.00,0.00,0.00,0.00,0.00,0,3505,4427,5601,6164,6164,4891
TX,Glasscock County,48173,48,901.083,,0.00,0.00,0.00,0.00,0.00,0.00,0,0.00,0.00,0.00,0.00,0.00,0.00,0,1582,1834,1582,1659,1659,1301
TX,Gray County,48179,48,929.341,,0.00,0.00,0.00,0.00,0.00,0.00,0,0.00,0.00,0.00,0.00,0.00,0.00,0,5381,6970,15076,16613,10800,21512
TX,Hale County,48189,48,1004.773,,0.00,0.00,0.00,0.00,0.00,0.00,0,0.00,0.00,0.00,0.00,0.00,0.00,0,22864,29741,39109,43844,34671,36171
TX,Hansford County,48195,48,920.256,,0.00,0.00,0.00,0.00,0.00,0.00,0,0.00,0.00,0.00,0.00,0.00,0.00,0,3982,5066,6227,6878,6031,5215
TX,Hartley County,48205,48,1463.122,,0.00,0.00,0.00,0.00,0.00,0.00,0,0.00,0.00,0.00,0.00,0.00,0.00,0,3954,4715,4544,4951,4951,5346
TX,Hockley County,48219,48,908.553,,0.00,0.00,0.00,0.00,0.00,0.00,0,0.00,0.00,0.00,0.00,0.00,0.00,0,11605,15258,22608,25424,19085,22777
TX,Howard County,48227,48,904.204,,0.00,0.00,0.00,0.00,0.00,0.00,0,0.00,0.00,0.00,0.00,0.00,0.00,0,21197,23681,33342,34029,27530,32540
TX,Hudspeth County,48229,48,4571.312,,0.00,0.00,0.00,0.00,0.00,0.00,0,0.00,0.00,0.00,0.00,0.00,0.00,0,4479,5002,6685,5939,5939,3301
TX,Hutchinson County,48233,48,894.948,,0.00,0.00,0.00,0.00,0.00,0.00,0,0.00,0.00,0.00,0.00,0.00,0.00,0,10457,11412,21341,21492,15449,22424
TX,Irion County,48235,48,1051.599,,0.00,0.00,0.00,0.00,0.00,0.00,0,0.00,0.00,0.00,0.00,0.00,0.00,0,1877,2192,1877,1993,1993,1748
TX,Jeff Davis County,48243,48,2264.633,,0.00,0.00,0.00,0.00,0.00,0.00,0,0.00,0.00,0.00,0.00,0.00,0.00,0,3486,3395,3486,3089,3089,2274
TX,Kent County,48263,48,902.920,,0.00,0.00,0.00,0.00,0.00,0.00,0,0.00,0.00,0.00,0.00,0.00,0.00,0,561,678,561,617,617,750
TX,Lamb County,48279,48,1017.711,,0.00,0.00,0.00,0.00,0.00,0.00,0,0.00,0.00,0.00,0.00,0.00,0.00,0,6379,6273,16222,15359,9800,14495
TX,Loving County,48301,48,676.894,,0.00,0.00,0.00,0.00,0.00,0.00,0,0.00,0.00,0.00,0.00,0.00,0.00,0,50,59,50,54,54,61
TX,Lubbock County,48303,48,900.702,,0.00,0.00,0.00,0.00,0.00,0.00,0,0.00,0.00,0.00,0.00,0.00,0.00,0,346085,400472,352976,370087,367190,252338
TX,Lynn County,48305,48,893.469,,0.00,0.00,0.00,0.00,0.00,0.00,0,0.00,0.00,0.00,0.00,0.00,0.00,0,3869,4806,7253,7834,6344,6180
TX,Martin County,48317,48,915.698,,0.00,0.00,0.00,0.00,0.00,0.00,0,0.00,0.00,0.00,0.00,0.00,0.00,0,3532,4603,6947,6796,6147,4391
TX,Midland County,48329,48,902.048,,0.00,0.00,0.00,0.00,0.00,0.00,0,0.00,0.00,0.00,0.00,0.00,0.00,0,173982,204580,164074,175385,180470,121480
TX,Mitchell County,48335,48,915.905,,0.00,0.00,0.00,0.00,0.00,0.00,0,0.00,0.00,0.00,0.00,0.00,0.00,0,3512,4275,7311,7922,6253,9406
TX,Moore County,48341,48,909.619,,0.00,0.00,0.00,0.00,0.00,0.00,0,0.00,0.00,0.00,0.00,0.00,0.00,0,21429,21987,30000,28710,24214,20294
TX,Motley County,48345,48,989.812,,0.00,0.00,0.00,0.00,0.00,0.00,0,0.00,0.00,0.00,0.00,0.00,0.00,0,1089,1270,1089,1159,1159,1281
TX,Ochiltree County,48357,48,917.959,,0.00,0.00,0.00,0.00,0.00,0.00,0,0.00,0.00,0.00,0.00,0.00,0.00,0,3895,4812,9428,9000,6071,9436
TX,Oldham County,48359,48,1501.303,,0.00,0.00,0.00,0.00,0.00,0.00,0,0.00,0.00,0.00,0.00,0.00,0.00,0,2360,2766,2360,2524,2524,2122
TX,Parmer County,48369,48,884.904,,0.00,0.00,0.00,0.00,0.00,0.00,0,0.00,0.00,0.00,0.00,0.00,0.00,0,4062,4812,9576,10112,6302,9801
TX,Pecos County,48371,48,4764.812,,0.00,0.00,0.00,0.00,0.00,0.00,0,0.00,0.00,0.00,0.00,0.00,0.00,0,7731,9621,15706,17197,12663,15907
TX,Potter County,48375,48,921.986,,0.00,0.00,0.00,0.00,0.00,0.00,0,0.00,0.00,0.00,0.00,0.00,0.00,0,144162,173064,151880,164800,161100,120033
TX,Randall County,48381,48,922.418,,0.00,0.00,0.00,0.00,0.00,0.00,0,0.00,0.00,0.00,0.00,0.00,0.00,0,138213,164377,129837,141776,146215,110021
TX,Reagan County,48383,48,1176.004,,0.00,0.00,0.00,0.00,0.00,0.00,0,0.00,0.00,0.00,0.00,0.00,0.00,0,3809,4727,3809,4242,4242,3004
TX,Reeves County,48389,48,2641.998,,0.00,0.00,0.00,0.00,0.00,0.00,0,0.00,0.00,0.00,0.00,0.00,0.00,0,3350,4589,10141,11463,7285,11574
TX,Roberts County,48393,48,924.195,,0.00,0.00,0.00,0.00,0.00,0.00,0,0.00,0.00,0.00,0.00,0.00,0.00,0,744,891,744,815,815,841
TX,Scurry County,48415,48,907.540,,0.00,0.00,0.00,0.00,0.00,0.00,0,0.00,0.00,0.00,0.00,0.00,0.00,0,4482,6036,12680,14233,9291,16176
TX,Sherman County,48421,48,923.287,,0.00,0.00,0.00,0.00,0.00,0.00,0,0.00,0.00,0.00,0.00,0.00,0.00,0,3383,4150,3383,3751,3751,2959
TX,Sterling County,48431,48,923.503,,0.00,0.00,0.00,0.00,0.00,0.00,0,0.00,0.00,0.00,0.00,0.00,0.00,0,1670,1815,1670,1645,1645,1295
TX,Swisher County,48437,48,900.674,,0.00,0.00,0.00,0.00,0.00,0.00,0,0.00,0.00,0.00,0.00,0.00,0.00,0,3476,4156,7271,7649,6330,7827
TX,Terry County,48445,48,890.952,,0.00,0.00,0.00,0.00,0.00,0.00,0,0.00,0.00,0.00,0.00,0.00,0.00,0,6709,5865,15472,13695,8965,12392
TX,Tom Green County,48451,48,1540.556,,0.00,0.00,0.00,0.00,0.00,0.00,0,0.00,0.00,0.00,0.00,0.00,0.00,0,146003,161242,147679,149040,148069,103409
TX,Upton County,48461,48,1241.495,,0.00,0.00,0.00,0.00,0.00,0.00,0,0.00,0.00,0.00,0.00,0.00,0.00,0,3278,4671,4287,4211,4211,3075
TX,Ward County,48475,48,835.735,,0.00,0.00,0.00,0.00,0.00,0.00,0,0.00,0.00,0.00,0.00,0.00,0.00,0,3621,4831,9392,9308,6223,10258
TX,Winkler County,48495,48,841.286,,0.00,0.00,0.00,0.00,0.00,0.00,0,0.00,0.00,0.00,0.00,0.00,0.00,0,3609,4868,7491,8158,5902,6592
TX,Yoakum County,48501,48,799.190,,0.00,0.00,0.00,0.00,0.00,0.00,0,0.00,0.00,0.00,0.00,0.00,0.00,0,3784,4358,9769,9444,6163,7396
UT,Beaver County,49001,49,2592.254,,0.00,0.00,0.00,0.00,0.00,0.00,0,2.00,7.89,1.00,0.17,2.00,2.00,1,3741,5059,7208,7953,5803,6202
UT,Box Elder County,49003,49,6729.271,49003,3.00,13.88,4.00,0.67,12.00,5.67,1,3.00,12.49,1.00,0.17,3.00,3.00,1,35045,40571,52580,55393,46177,46333
UT,Cache County,49005,49,1172.420,49005,2.63,17.20,8.00,1.33,21.00,22.00,3,3.00,16.29,3.00,0.50,9.00,7.50,1,174751,186731,173019,170090,170725,98358
UT,Carbon County,49007,49,1484.722,49007,2.67,14.69,3.00,0.50,8.00,24.50,1,0.00,0.00,0.00,0.00,0.00,0.00,0,4089,5033,12750,13911,6333,19459
UT,Daggett County,49009,49,722.964,49009,3.00,9.75,1.00,0.17,3.00,3.00,1,0.00,0.00,0.00,0.00,0.00,0.00,0,890,1010,890,927,927,937
UT,Davis County,49011,49,633.920,49011,2.58,16.14,12.00,2.00,31.00,24.80,3,2.75,16.15,4.00,0.67,11.00,28.67,2,505381,578072,407834,429930,478844,268084
UT,Duchesne County,49013,49,3255.915,49013,2.80,31.60,5.00,0.83,14.00,27.00,3,2.50,15.45,2.00,0.33,5.00,2.50,1,4300,5486,13280,14521,9164,15328
UT,Emery County,49015,49,4472.157,49015,2.00,8.66,1.00,0.17,2.00,2.00,1,0.00,0.00,0.00,0.00,0.00,0.00,0,3531,4244,8247,8811,5686,10711
UT,Garfield County,49017,49,5208.129,,0.00,0.00,0.00,0.00,0.00,0.00,0,0.00,0.00,0.00,0.00,0.00,0.00,0,3270,3972,4484,4883,4883,4443
UT,Grand County,49019,49,3683.404,49019,2.00,10.27,2.00,0.33,4.00,2.00,1,0.00,0.00,0.00,0.00,0.00,0.00,0,3616,4215,7380,7712,5641,8787
UT,Iron County,49021,49,3301.847,,0.00,0.00,0.00,0.00,0.00,0.00,0,0.00,0.00,0.00,0.00,0.00,0.00,0,51400,59021,54588,57625,55950,38438
UT,Juab County,49023,49,3406.308,49023,2.00,8.68,2.00,0.33,4.00,2.00,1,2.00,11.21,1.00,0.17,2.00,2.00,1,3705,4628,8440,9288,6076,9165
UT,Kane County,49025,49,4108.444,,0.00,0.00,0.00,0.00,0.00,0.00,0,0.00,0.00,0.00,0.00,0.00,0.00,0,3791,4584,6105,6628,6087,6232
UT,Millard County,49027,49,6827.856,,0.00,0.00,0.00,0.00,0.00,0.00,0,2.00,10.48,1.00,0.17,2.00,2.00,1,6672,6945,12834,12644,9315,12280
UT,Morgan County,49029,49,610.769,49029,2.82,17.88,11.00,1.83,31.00,25.40,3,2.60,15.61,5.00,0.83,13.00,31.33,2,3586,4373,7389,8029,5883,7862
UT,Piute County,49031,49,765.762,,0.00,0.00,0.00,0.00,0.00,0.00,0,0.00,0.00,0.00,0.00,0.00,0.00,0,1366,1601,1366,1459,1459,1371
UT,Rich County,49033,49,1085.583,49033,2.86,18.50,7.00,1.17,20.00,21.25,3,2.25,24.53,4.00,0.67,9.00,5.33,2,2397,2760,2397,2517,2517,2057
UT,Salt Lake County,49035,49,807.416,49035,2.54,16.06,13.00,2.17,33.00,28.40,4,3.00,23.57,3.00,0.50,9.00,3.00,2,1508738,1600900,1465097,1413423,1444932,960297
UT,San Juan County,49037,49,7933.240,,0.00,0.00,0.00,0.00,0.00,0.00,0,0.00,0.00,0.00,0.00,0.00,0.00,0,5654,7351,14038,15643,10725,14117
UT,Sanpete County,49039,49,1602.636,49039,2.50,7.27,2.00,0.33,5.00,2.50,1,0.00,0.00,0.00,0.00,0.00,0.00,0,17155,18873,28372,28951,22967,23995
UT,Sevier County,49041,49,1918.270,,0.00,0.00,0.00,0.00,0.00,0.00,0,2.00,8.32,1.00,0.17,2.00,2.00,1,5659,7043,16338,17736,11462,19367
UT,Summit County,49043,49,1883.361,49043,2.86,21.64,7.00,1.17,20.00,28.75,3,2.50,20.14,4.00,0.67,10.00,5.33,2,97618,99169,57041,55771,71349,35119
UT,Tooele County,49045,49,7286.181,49045,2.00,7.59,1.00,0.17,2.00,2.00,1,3.00,11.12,1.00,0.17,3.00,3.00,1,64089,74464,70637,75068,71770,51269
UT,Uintah County,49047,49,4498.811,49047,3.00,13.63,2.00,0.33,6.00,3.00,1,0.00,0.00,0.00,0.00,0.00,0.00,0,13297,16603,26294,28787,21552,27129
UT,Utah County,49049,49,2144.087,49049,2.44,17.05,9.00,1.50,22.00,30.75,2,2.67,16.71,3.00,0.50,8.00,2.67,1,854464,974192,758004,791140,842196,451855
UT,Wasatch County,49051,49,1205.897,49051,2.58,27.23,12.00,2.00,31.00,28.60,4,2.75,32.66,4.00,0.67,11.00,5.33,3,10231,11431,20084,20984,15668,19015
UT,Washington County,49053,49,2429.903,,0.00,0.00,0.00,0.00,0.00,0.00,0,0.00,0.00,0.00,0.00,0.00,0.00,0,372947,416809,202571,214627,290066,119188
UT,Wayne County,49055,49,2466.483,,0.00,0.00,0.00,0.00,0.00,0.00,0,0.00,0.00,0.00,0.00,0.00,0.00,0,2573,3053,2573,2785,2785,2454
UT,Weber County,49057,49,659.408,49057,2.45,15.77,11.00,1.83,27.00,24.40,3,3.00,15.06,4.00,0.67,12.00,5.67,2,278822,323981,275346,291478,294070,210482
WA,Adams County,53001,53,1929.639,53001,3.14,15.80,7.00,1.17,22.00,28.75,3,3.00,13.70,3.00,0.50,9.00,7.00,1,39210,23351,54900,33736,27078,16849
WA,Asotin County,53003,53,639.211,53003,3.83,33.06,6.00,1.00,23.00,20.75,4,2.33,18.60,3.00,0.50,7.00,7.50,1,8351,10404,16129,17532,13133,21050
WA,Benton County,53005,53,1760.082,53005,2.86,17.04,7.00,1.17,20.00,28.50,3,3.00,11.02,3.00,0.50,9.00,7.50,1,263832,239947,277256,232173,225717,157920
WA,Chelan County,53007,53,2994.203,53007,3.11,25.44,9.00,1.50,28.00,28.00,4,2.50,24.08,6.00,1.00,15.00,9.50,2,140503,112752,145909,109840,106469,69950
WA,Clallam County,53009,53,1765.488,53009,2.50,14.41,6.00,1.00,15.00,11.00,1,3.00,14.63,2.00,0.33,6.00,3.00,1,47395,46166,68368,62370,51625,69487
WA,Clark County,53011,53,654.880,53011,3.07,22.21,15.00,2.50,46.00,42.67,5,4.57,13.55,7.00,1.17,32.00,9.17,4,973441,839827,896531,700257,738259,404066
WA,Columbia County,53013,53,873.532,53013,3.80,23.23,5.00,0.83,19.00,26.67,4,2.50,14.60,4.00,0.67,10.00,5.67,1,3207,4074,5458,4823,4823,4140
WA,Cowlitz County,53015,53,1167.850,53015,3.14,24.08,14.00,2.33,44.00,41.83,5,4.71,14.03,7.00,1.17,33.00,9.00,4,88722,85114,120538,108166,92290,97178
WA,Douglas County,53017,53,1848.233,53017,3.83,22.24,6.00,1.00,23.00,38.33,4,2.00,14.73,3.00,0.50,6.00,4.00,1,55418,41985,70855,52578,45343,34904
WA,Ferry County,53019,53,2260.951,53019,2.75,37.16,12.00,2.00,33.00,40.40,4,2.50,11.47,2.00,0.33,5.00,2.50,1,3437,4786,7362,7883,6116,7527
WA,Franklin County,53021,53,1265.324,53021,2.86,14.91,7.00,1.17,20.00,28.50,2,3.00,11.06,3.00,0.50,9.00,7.50,1,225777,157957,235862,157001,151144,62972
WA,Garfield County,53023,53,718.179,53023,4.00,27.92,5.00,0.83,20.00,27.00,4,2.33,21.75,3.00,0.50,7.00,7.50,1,1880,2247,1880,2057,2057,2293
WA,Grant County,53025,53,2790.359,53025,2.86,18.13,7.00,1.17,20.00,28.75,3,3.33,15.30,3.00,0.50,10.00,7.50,2,251173,186749,246205,170518,170854,81145
WA,Grays Harbor County,53027,53,1929.877,53027,3.15,31.93,13.00,2.17,41.00,33.00,5,3.50,17.98,8.00,1.33,28.00,11.20,3,46051,47222,71884,67886,54323,70904
WA,Island County,53029,53,210.197,53029,2.90,20.75,10.00,1.67,29.00,26.00,4,3.67,11.96,6.00,1.00,22.00,13.25,3,80627,84109,91063,87521,82238,79983
WA,Jefferson County,53031,53,1818.262,53031,3.00,24.84,10.00,1.67,30.00,26.80,4,2.83,16.95,6.00,1.00,17.00,3.60,2,14410,15036,22216,21572,17460,28676
WA,King County,53033,53,2189.205,53033,3.06,26.53,16.00,2.67,49.00,47.50,5,3.89,17.26,9.00,1.50,35.00,31.00,4,3265750,2669545,3471258,2618854,2543839,1799119
WA,Kitsap County,53035,53,398.195,53035,2.79,24.00,14.00,2.33,39.00,42.33,4,4.67,14.37,6.00,1.00,28.00,13.50,3,290685,319510,284062,286203,289415,241525
WA,Kittitas County,53037,53,2334.253,53037,3.43,23.91,7.00,1.17,24.00,9.17,4,2.80,16.70,5.00,0.83,14.00,12.00,2,31532,31664,48173,45207,36577,36733
WA,Klickitat County,53039,53,1905.423,53039,3.13,27.84,8.00,1.33,25.00,18.83,4,2.71,11.56,7.00,1.17,19.00,25.75,2,8864,9075,18123,17352,12313,19847
WA,Lewis County,53041,53,2435.166,53041,3.15,23.54,13.00,2.17,41.00,37.33,5,4.00,12.51,8.00,1.33,32.00,19.17,3,50475,54813,73099,72087,60241,72397
WA,Lincoln County,53043,53,2339.654,53043,3.00,20.73,10.00,1.67,30.00,31.40,4,2.25,11.82,4.00,0.67,9.00,9.00,1,3945,4865,7134,7769,6014,10298
WA,Mason County,53045,53,973.760,53045,2.92,30.50,13.00,2.17,38.00,36.33,4,3.25,18.08,8.00,1.33,26.00,11.00,3,44932,49109,54029,54379,49667,54169
WA,Okanogan County,53047,53,5313.378,53047,2.89,26.05,9.00,1.50,26.00,47.33,3,2.00,11.35,4.00,0.67,8.00,44.00,1,32742,33072,46589,43319,36243,39779
WA,Pacific County,53049,53,935.555,53049,3.08,39.42,13.00,2.17,40.00,37.83,5,3.30,14.31,10.00,1.67,33.00,18.00,3,7472,8393,15303,15444,11056,21568
WA,Pend Oreille County,53051,53,1422.114,53051,3.13,26.35,15.00,2.50,47.00,47.60,5,2.71,14.15,7.00,1.17,19.00,12.00,2,3961,4900,7950,8706,6043,12615
WA,Pierce County,53053,53,1691.406,53053,2.93,23.24,14.00,2.33,41.00,42.67,4,4.17,13.90,6.00,1.00,25.00,9.20,3,942072,1021509,959149,948898,941453,753209
WA,San Juan County,53055,53,176.309,53055,2.86,16.95,7.00,1.17,20.00,15.20,3,2.75,10.73,4.00,0.67,11.00,2.75,1,7338,8013,10848,10889,9038,15215
WA,Skagit County,53057,53,1756.559,53057,2.73,20.31,11.00,1.83,30.00,31.20,4,3.83,15.24,6.00,1.00,23.00,9.00,3,132732,139114,143455,137380,131983,113181
WA,Skamania County,53059,53,1685.385,53059,3.07,25.04,14.00,2.33,43.00,38.67,5,3.38,17.03,8.00,1.33,27.00,23.40,3,3522,4474,7734,8345,5894,10606
WA,Snohomish County,53061,53,2108.024,53061,3.25,22.43,12.00,2.00,39.00,41.33,4,4.29,21.99,7.00,1.17,30.00,12.80,5,890837,943708,862883,835129,850741,655564
WA,Spokane County,53063,53,1778.070,53063,3.18,24.36,11.00,1.83,35.00,38.40,4,2.50,21.43,6.00,1.00,15.00,6.00,2,458283,517309,493991,506386,489147,440434
WA,Stevens County,53065,53,2536.530,53065,3.00,26.85,17.00,2.83,51.00,64.00,4,3.17,12.69,6.00,1.00,19.00,11.00,2,24550,30054,35754,38862,32868,41934
WA,Thurston County,53067,53,736.381,53067,3.07,24.49,14.00,2.33,43.00,42.17,5,3.75,14.48,8.00,1.33,30.00,12.40,3,256673,292553,254454,264828,266118,228881
WA,Wahkiakum County,53069,53,265.408,53069,3.29,46.75,14.00,2.33,46.00,42.17,5,4.00,20.56,9.00,1.50,36.00,30.67,4,3148,3765,3148,3445,3445,3885
WA,Walla Walla County,53071,53,1299.195,53071,3.17,20.19,6.00,1.00,19.00,37.67,3,2.33,12.26,3.00,0.50,7.00,7.00,1,48679,54040,64854,64832,56492,57461
WA,Whatcom County,53073,53,2163.723,53073,2.83,14.18,6.00,1.00,17.00,13.50,1,2.67,10.65,3.00,0.50,8.00,2.67,1,217817,236670,228727,226333,221003,183363
WA,Whitman County,53075,53,2174.798,53075,3.17,24.75,6.00,1.00,19.00,20.00,3,2.00,28.83,4.00,0.67,8.00,5.67,2,32395,32934,54130,50872,39413,40135
WA,Yakima County,53077,53,4312.414,53077,3.80,24.15,5.00,0.83,19.00,12.50,4,2.57,11.23,7.00,1.17,18.00,33.67,2,311871,343760,340280,336222,322293,230937
WY,Albany County,56001,56,4306.085,56001,2.80,14.10,5.00,0.83,14.00,4.25,1,2.00,10.19,1.00,0.17,2.00,2.00,1,13107,16651,29359,32398,23098,30837
WY,Big Horn County,56003,56,3158.962,56003,3.50,20.65,10.00,1.67,35.00,41.00,4,3.17,10.06,6.00,1.00,19.00,14.00,2,3686,4712,7398,8236,5764,11325
WY,Campbell County,56005,56,4801.492,56005,4.00,13.20,7.00,1.17,28.00,30.33,3,2.50,13.44,4.00,0.67,10.00,4.33,1,29390,35828,37920,41595,37150,37420
WY,Carbon County,56007,56,7964.237,56007,2.67,11.04,3.00,0.50,8.00,2.67,1,2.00,7.55,1.00,0.17,2.00,2.00,1,3609,4561,6906,7766,5875,15229
WY,Converse County,56009,56,4265.056,56009,3.50,16.05,6.00,1.00,21.00,14.75,3,2.50,9.64,2.00,0.33,5.00,2.50,1,3568,4543,7356,8221,5812,12743
WY,Crook County,56011,56,2870.462,56011,3.56,11.89,9.00,1.50,32.00,40.67,3,4.00,11.88,3.00,0.50,12.00,14.00,2,3715,4565,5583,6098,6098,6168
WY,Fremont County,56013,56,9266.700,56013,2.88,16.06,8.00,1.33,23.00,17.40,3,3.00,14.31,2.00,0.33,6.00,3.00,1,14771,19033,29210,32488,24242,36580
WY,Goshen County,56015,56,2232.733,56015,3.20,12.53,5.00,0.83,16.00,4.50,2,2.00,13.70,1.00,0.17,2.00,2.00,1,3585,4543,7074,7902,5694,12132
WY,Hot Springs County,56017,56,2006.214,56017,3.22,17.94,9.00,1.50,29.00,29.25,3,2.80,10.56,5.00,0.83,14.00,12.75,1,3574,4271,3574,3910,3910,4568
WY,Johnson County,56019,56,4174.721,56019,3.00,13.30,11.00,1.83,33.00,41.00,3,2.67,12.78,3.00,0.50,8.00,22.00,1,3789,4723,6899,7550,5987,7785
WY,Laramie County,56021,56,2690.969,56021,3.25,12.84,4.00,0.67,13.00,5.33,2,2.00,12.67,1.00,0.17,2.00,2.00,1,48018,59673,75841,83652,68700,85031
WY,Lincoln County,56023,56,4095.588,56023,2.67,26.72,9.00,1.50,24.00,22.25,3,3.00,18.12,2.00,0.33,6.00,3.00,1,3579,4632,10871,12080,6956,15940
WY,Natrona County,56025,56,5375.636,56025,3.00,12.10,6.00,1.00,18.00,14.25,1,3.00,9.93,1.00,0.17,3.00,3.00,1,37139,46455,60246,66523,53811,69655
WY,Niobrara County,56027,56,2627.747,56027,3.67,10.89,6.00,1.00,22.00,15.00,3,3.00,11.30,1.00,0.17,3.00,3.00,1,1888,2243,1888,2059,2059,2296
WY,Park County,56029,56,6968.105,56029,3.12,33.01,17.00,2.83,53.00,48.00,5,3.43,16.10,7.00,1.17,24.00,24.50,3,12211,14096,21923,22991,17663,26723
WY,Platte County,56031,56,2110.874,56031,3.17,15.43,6.00,1.00,19.00,14.25,3,2.00,12.96,1.00,0.17,2.00,2.00,1,3621,4146,7250,7490,6346,8591
WY,Sheridan County,56033,56,2526.776,56033,3.80,16.26,10.00,1.67,38.00,31.25,4,2.86,9.42,7.00,1.17,20.00,19.00,1,11113,13259,21072,22404,16835,27341
WY,Sublette County,56035,56,4934.698,56035,2.64,19.94,11.00,1.83,29.00,40.40,3,3.00,17.09,2.00,0.33,6.00,3.00,1,3231,3950,6907,7446,5615,6965
WY,Sweetwater County,56037,56,10490.021,56037,2.67,10.62,3.00,0.50,8.00,25.50,1,2.00,13.75,1.00,0.17,2.00,2.00,1,12481,14827,32179,33929,22483,38019
WY,Teton County,56039,56,4215.048,56039,3.00,51.77,17.00,2.83,51.00,33.50,5,4.00,22.90,6.00,1.00,24.00,16.50,4,19770,17001,24290,20882,18485,19021
WY,Uinta County,56041,56,2086.160,56041,2.75,13.48,4.00,0.67,11.00,2.75,1,3.00,27.90,1.00,0.17,3.00,3.00,2,6892,8117,17598,18769,12697,19873
WY,Washakie County,56043,56,2242.711,56043,3.22,16.33,9.00,1.50,29.00,30.00,3,2.50,9.05,6.00,1.00,15.00,18.33,1,3622,4380,7176,8050,5965,7914
WY,Weston County,56045,56,2400.039,56045,3.50,10.81,8.00,1.33,28.00,45.00,3,2.50,12.63,4.00,0.67,10.00,5.50,1,3788,4644,5880,6391,6391,6642